-- MySQL dump 10.13  Distrib 5.7.18, for Linux (x86_64)
--
-- Host: localhost    Database: sushima
-- ------------------------------------------------------
-- Server version	5.7.18

/*!40101 SET @OLD_CHARACTER_SET_CLIENT=@@CHARACTER_SET_CLIENT */;
/*!40101 SET @OLD_CHARACTER_SET_RESULTS=@@CHARACTER_SET_RESULTS */;
/*!40101 SET @OLD_COLLATION_CONNECTION=@@COLLATION_CONNECTION */;
/*!40101 SET NAMES utf8 */;
/*!40103 SET @OLD_TIME_ZONE=@@TIME_ZONE */;
/*!40103 SET TIME_ZONE='+00:00' */;
/*!40014 SET @OLD_UNIQUE_CHECKS=@@UNIQUE_CHECKS, UNIQUE_CHECKS=0 */;
/*!40014 SET @OLD_FOREIGN_KEY_CHECKS=@@FOREIGN_KEY_CHECKS, FOREIGN_KEY_CHECKS=0 */;
/*!40101 SET @OLD_SQL_MODE=@@SQL_MODE, SQL_MODE='NO_AUTO_VALUE_ON_ZERO' */;
/*!40111 SET @OLD_SQL_NOTES=@@SQL_NOTES, SQL_NOTES=0 */;

--
-- Table structure for table `clientes`
--

DROP TABLE IF EXISTS `clientes`;
/*!40101 SET @saved_cs_client     = @@character_set_client */;
/*!40101 SET character_set_client = utf8 */;
CREATE TABLE `clientes` (
  `id` bigint(20) unsigned NOT NULL AUTO_INCREMENT,
  `endereco` varchar(255) DEFAULT NULL,
  `telefone` varchar(13) DEFAULT NULL,
  `email` varchar(150) DEFAULT NULL,
  `nome` varchar(255) DEFAULT NULL,
  `create_at` timestamp NOT NULL DEFAULT CURRENT_TIMESTAMP,
  `update_at` timestamp NOT NULL DEFAULT CURRENT_TIMESTAMP,
  UNIQUE KEY `id` (`id`)
) ENGINE=InnoDB AUTO_INCREMENT=134 DEFAULT CHARSET=latin1;
/*!40101 SET character_set_client = @saved_cs_client */;

--
-- Dumping data for table `clientes`
--

LOCK TABLES `clientes` WRITE;
/*!40000 ALTER TABLE `clientes` DISABLE KEYS */;
INSERT INTO `clientes` VALUES (129,'RUA DO SENHOR, 390 - CENTRO','038998982005','jesuscristo@gmail.com','JESUS CRISTO','2017-07-05 07:47:43','2017-07-05 07:47:43'),(130,'LFKJASLDKFJASLKJ','038998982005','lfkajsçdlfkajsldfkj','LFALDKFJASLDKFJAÇDLSKJ','2017-07-05 17:27:56','2017-07-05 17:27:56'),(131,'JFLAKDJLASKJ','038998982005','lfksjlfdkjl','AKJSFLAKJDL','2017-07-05 18:09:29','2017-07-05 18:09:29'),(132,'JLFKSAJLDFJALSKDJ','038998982005','lfkalskdfalskdfjalskj','ASDJFLASDLFK','2017-07-05 18:17:47','2017-07-05 18:17:47'),(133,'LFKJLSKDFLAKSJ ADFW','038998982005','lkfjlaskflaskfjd','LAKSLFASKDFLKSJ','2017-07-05 18:27:50','2017-07-05 18:27:50');
/*!40000 ALTER TABLE `clientes` ENABLE KEYS */;
UNLOCK TABLES;

--
-- Table structure for table `formapagamento`
--

DROP TABLE IF EXISTS `formapagamento`;
/*!40101 SET @saved_cs_client     = @@character_set_client */;
/*!40101 SET character_set_client = utf8 */;
CREATE TABLE `formapagamento` (
  `id` bigint(20) unsigned NOT NULL AUTO_INCREMENT,
  `descricao` varchar(50) DEFAULT NULL,
  UNIQUE KEY `id` (`id`)
) ENGINE=InnoDB AUTO_INCREMENT=4 DEFAULT CHARSET=latin1;
/*!40101 SET character_set_client = @saved_cs_client */;

--
-- Dumping data for table `formapagamento`
--

LOCK TABLES `formapagamento` WRITE;
/*!40000 ALTER TABLE `formapagamento` DISABLE KEYS */;
INSERT INTO `formapagamento` VALUES (1,'DINHEIRO'),(2,'CHEQUE'),(3,'CARTÃO');
/*!40000 ALTER TABLE `formapagamento` ENABLE KEYS */;
UNLOCK TABLES;

--
-- Table structure for table `itenspedido`
--

DROP TABLE IF EXISTS `itenspedido`;
/*!40101 SET @saved_cs_client     = @@character_set_client */;
/*!40101 SET character_set_client = utf8 */;
CREATE TABLE `itenspedido` (
  `fkpedido` bigint(20) unsigned DEFAULT NULL,
  `fkproduto` bigint(20) unsigned DEFAULT NULL,
  `qtde` int(11) NOT NULL,
  KEY `fkpedido` (`fkpedido`),
  KEY `fkproduto` (`fkproduto`),
  CONSTRAINT `itenspedido_ibfk_1` FOREIGN KEY (`fkpedido`) REFERENCES `pedidos` (`id`),
  CONSTRAINT `itenspedido_ibfk_2` FOREIGN KEY (`fkproduto`) REFERENCES `produtos` (`id`)
) ENGINE=InnoDB DEFAULT CHARSET=latin1;
/*!40101 SET character_set_client = @saved_cs_client */;

--
-- Dumping data for table `itenspedido`
--

LOCK TABLES `itenspedido` WRITE;
/*!40000 ALTER TABLE `itenspedido` DISABLE KEYS */;
INSERT INTO `itenspedido` VALUES (122,36,3),(123,37,1),(124,35,1),(124,38,1),(125,35,1),(125,36,1),(125,38,1),(125,37,4),(126,38,2),(127,35,1),(128,36,2),(129,38,1),(130,35,2),(131,35,2),(132,36,2),(133,35,1),(133,36,2),(134,37,1),(134,36,1),(135,35,1),(136,35,1),(137,35,2),(138,37,1),(138,36,2),(139,35,1),(139,36,1),(139,37,2),(140,36,1),(141,37,2),(142,35,1),(143,36,2),(144,35,1),(145,37,3),(146,37,3),(147,35,2),(147,36,3);
/*!40000 ALTER TABLE `itenspedido` ENABLE KEYS */;
UNLOCK TABLES;

--
-- Table structure for table `pedidos`
--

DROP TABLE IF EXISTS `pedidos`;
/*!40101 SET @saved_cs_client     = @@character_set_client */;
/*!40101 SET character_set_client = utf8 */;
CREATE TABLE `pedidos` (
  `id` bigint(20) unsigned NOT NULL AUTO_INCREMENT,
  `create_at` timestamp NOT NULL DEFAULT CURRENT_TIMESTAMP,
  `update_at` timestamp NOT NULL DEFAULT CURRENT_TIMESTAMP,
  `fkstatus` bigint(20) unsigned DEFAULT NULL,
  `fkpagamento` bigint(20) unsigned DEFAULT NULL,
  `fkclientes` bigint(20) unsigned DEFAULT NULL,
  UNIQUE KEY `id` (`id`),
  KEY `fkstatus` (`fkstatus`),
  KEY `fkpagamento` (`fkpagamento`),
  KEY `fkclientes` (`fkclientes`),
  CONSTRAINT `pedidos_ibfk_1` FOREIGN KEY (`fkstatus`) REFERENCES `pedidostatus` (`id`),
  CONSTRAINT `pedidos_ibfk_2` FOREIGN KEY (`fkpagamento`) REFERENCES `formapagamento` (`id`),
  CONSTRAINT `pedidos_ibfk_3` FOREIGN KEY (`fkclientes`) REFERENCES `clientes` (`id`)
) ENGINE=InnoDB AUTO_INCREMENT=148 DEFAULT CHARSET=latin1;
/*!40101 SET character_set_client = @saved_cs_client */;

--
-- Dumping data for table `pedidos`
--

LOCK TABLES `pedidos` WRITE;
/*!40000 ALTER TABLE `pedidos` DISABLE KEYS */;
INSERT INTO `pedidos` VALUES (122,'2017-07-05 07:47:43','2017-07-05 07:47:43',1,3,129),(123,'2017-07-05 07:49:03','2017-07-05 07:49:03',1,1,129),(124,'2017-07-05 07:49:28','2017-07-05 07:49:28',1,2,129),(125,'2017-07-05 08:22:56','2017-07-05 08:22:56',1,1,129),(126,'2017-07-05 08:24:36','2017-07-05 08:24:36',1,1,129),(127,'2017-07-05 08:44:05','2017-07-05 08:44:05',1,1,129),(128,'2017-07-05 08:45:52','2017-07-05 08:45:52',1,2,129),(129,'2017-07-05 17:27:56','2017-07-05 17:27:56',1,2,130),(130,'2017-07-05 17:47:15','2017-07-05 17:47:15',1,1,130),(131,'2017-07-05 17:51:10','2017-07-05 17:51:10',1,1,130),(132,'2017-07-05 18:09:29','2017-07-05 18:09:29',1,1,131),(133,'2017-07-05 18:17:47','2017-07-05 18:17:47',1,1,132),(134,'2017-07-05 18:22:22','2017-07-05 18:22:22',1,1,132),(135,'2017-07-05 18:22:50','2017-07-05 18:22:50',1,1,132),(136,'2017-07-05 18:26:55','2017-07-05 18:26:55',1,1,132),(137,'2017-07-05 18:27:50','2017-07-05 18:27:50',1,1,133),(138,'2017-07-05 18:28:29','2017-07-05 18:28:29',1,1,133),(139,'2017-07-05 18:29:05','2017-07-05 18:29:05',1,1,133),(140,'2017-07-05 18:29:23','2017-07-05 18:29:23',1,1,133),(141,'2017-07-05 18:30:21','2017-07-05 18:30:21',1,3,133),(142,'2017-07-05 18:32:29','2017-07-05 18:32:29',1,1,133),(143,'2017-07-05 18:33:33','2017-07-05 18:33:33',1,1,133),(144,'2017-07-05 18:37:25','2017-07-05 18:37:25',1,1,133),(145,'2017-07-05 18:39:00','2017-07-05 18:39:00',1,3,133),(146,'2017-07-05 18:39:14','2017-07-05 18:39:14',1,3,133),(147,'2017-07-05 18:40:40','2017-07-05 18:40:40',1,2,133);
/*!40000 ALTER TABLE `pedidos` ENABLE KEYS */;
UNLOCK TABLES;

--
-- Table structure for table `pedidostatus`
--

DROP TABLE IF EXISTS `pedidostatus`;
/*!40101 SET @saved_cs_client     = @@character_set_client */;
/*!40101 SET character_set_client = utf8 */;
CREATE TABLE `pedidostatus` (
  `id` bigint(20) unsigned NOT NULL AUTO_INCREMENT,
  `descricao` varchar(50) DEFAULT NULL,
  UNIQUE KEY `id` (`id`)
) ENGINE=InnoDB AUTO_INCREMENT=8 DEFAULT CHARSET=latin1;
/*!40101 SET character_set_client = @saved_cs_client */;

--
-- Dumping data for table `pedidostatus`
--

LOCK TABLES `pedidostatus` WRITE;
/*!40000 ALTER TABLE `pedidostatus` DISABLE KEYS */;
INSERT INTO `pedidostatus` VALUES (1,'REALIZADO'),(2,'EM ANDAMENTO'),(3,'RECEBIDO'),(4,'SAIU PARA ENTREGA'),(5,'FINALIZADO'),(6,'CANCELADO'),(7,'NA FILA');
/*!40000 ALTER TABLE `pedidostatus` ENABLE KEYS */;
UNLOCK TABLES;

--
-- Table structure for table `produtos`
--

DROP TABLE IF EXISTS `produtos`;
/*!40101 SET @saved_cs_client     = @@character_set_client */;
/*!40101 SET character_set_client = utf8 */;
CREATE TABLE `produtos` (
  `id` bigint(20) unsigned NOT NULL AUTO_INCREMENT,
  `produto` varchar(150) NOT NULL,
  `descricao` varchar(500) DEFAULT NULL,
  `preco` double(10,2) NOT NULL DEFAULT '0.00',
  `imagem` blob,
  `ativo` tinyint(1) DEFAULT NULL,
  `create_at` timestamp NOT NULL DEFAULT CURRENT_TIMESTAMP,
  `update_at` timestamp NOT NULL DEFAULT CURRENT_TIMESTAMP,
  UNIQUE KEY `id` (`id`)
) ENGINE=InnoDB AUTO_INCREMENT=39 DEFAULT CHARSET=latin1;
/*!40101 SET character_set_client = @saved_cs_client */;

--
-- Dumping data for table `produtos`
--

LOCK TABLES `produtos` WRITE;
/*!40000 ALTER TABLE `produtos` DISABLE KEYS */;
INSERT INTO `produtos` VALUES (35,'BARCA M DO FRED','DESCRICAO BARCA M',30.00,'data:image/jpeg;base64,/9j/4gIcSUNDX1BST0ZJTEUAAQEAAAIMbGNtcwIQAABtbnRyUkdCIFhZWiAH3AABABkAAwApADlhY3NwQVBQTAAAAAAAAAAAAAAAAAAAAAAAAAAAAAAAAAAA9tYAAQAAAADTLWxjbXMAAAAAAAAAAAAAAAAAAAAAAAAAAAAAAAAAAAAAAAAAAAAAAAAAAAAAAAAAAAAAAApkZXNjAAAA/AAAAF5jcHJ0AAABXAAAAAt3dHB0AAABaAAAABRia3B0AAABfAAAABRyWFlaAAABkAAAABRnWFlaAAABpAAAABRiWFlaAAABuAAAABRyVFJDAAABzAAAAEBnVFJDAAABzAAAAEBiVFJDAAABzAAAAEBkZXNjAAAAAAAAAANjMgAAAAAAAAAAAAAAAAAAAAAAAAAAAAAAAAAAAAAAAAAAAAAAAAAAAAAAAAAAAAAAAAAAAAAAAAAAAAAAAAAAAAAAAAAAAAAAAAAAAAAAAAAAAAB0ZXh0AAAAAEZCAABYWVogAAAAAAAA9tYAAQAAAADTLVhZWiAAAAAAAAADFgAAAzMAAAKkWFlaIAAAAAAAAG+iAAA49QAAA5BYWVogAAAAAAAAYpkAALeFAAAY2lhZWiAAAAAAAAAkoAAAD4QAALbPY3VydgAAAAAAAAAaAAAAywHJA2MFkghrC/YQPxVRGzQh8SmQMhg7kkYFUXdd7WtwegWJsZp8rGm/fdPD6TD////gABBKRklGAAEBAAABAAEAAP/tAJRQaG90b3Nob3AgMy4wADhCSU0EBAAAAAAAeBwCZwAUMHNtc2E0UGY2S0h0TF96Q3RRbzgcAigAWkZCTUQyMzAwMDk2YzAxMDAwMDI1MDYwMDAwNGMwOTAwMDAxODBjMDAwMDMzMWMwMDAwNDUyMDAwMDBiZjI1MDAwMDE2MmEwMDAwZjkyZDAwMDBkZjM0MDAwMP/bAEMAAwICAgICAwICAgMDAwMEBgQEBAQECAYGBQYJCAoKCQgJCQoMDwwKCw4LCQkNEQ0ODxAQERAKDBITEhATDxAQEP/bAEMBAwMDBAMECAQECBALCQsQEBAQEBAQEBAQEBAQEBAQEBAQEBAQEBAQEBAQEBAQEBAQEBAQEBAQEBAQEBAQEBAQEP/CABEIANEBQAMBIgACEQEDEQH/xAAdAAEAAQUBAQEAAAAAAAAAAAAABQMEBgcIAgEJ/8QAGgEBAAMBAQEAAAAAAAAAAAAAAAECAwQFBv/aAAwDAQACEAMQAAAB5UAAAAAAAAAAAAAAAAAAAAAAAPp8Vsqhh/3M84NKOnsmhx27gkjg13tbw4RdzXkODavft0fnt4/QbA5ca/Nrasu8AAAAAAAAEmRlz0vt+jk/Z27feOuEZrHUPI9aZuICpSZ+/wAUrbY5X6xv3bPIauM4bE7Kj9GRHP17/lOReld8Mn+XVLs4bXBNm1LV/PHHf0L5s3roZ9+dGQAAAAAFx+gPGv6EQhITMLTOMNgb/XPzX0uS32NXfj+jOUI+hbKb947O6UmYT1qD2eCpj8NJ92EPNe6FozXdsHnvgdtK3oREWyW6h5G8VLeYh+rk/PWy7O4/+i8mwGlAAAAAJ/8ASP8AL7rCHSVOpbRGttabkwr5/wB3GK1WO8r0r3zHzlZk8oow3o8GtIbL8h6K68id+eqU19NbCvPJ7fk1E2FscQtMiyLHuwjIb2HTl2N2NHswnIGbvvd8Pg+C7+459LhwcWAAAAfbyy+nfewvz1/QCkxMXmMTjOJx2XeM74f6m8E8X1/tT5ceX2SOQ4hUi21aGtbXfHZWJ2GQHucXN8FTzS7ua+WLpzkYe7qUtj3zI4XfO3qUXXy8p6h/Rnnjpz5se/FwAAADrHk7JYfo1a0LDJc0fMPx9WMR1x6+U+ht/l1GKU42S2LowbZsjG9HLVt7Opz9D56h8tshksFkN+fKPuK5JvhUoU8dyvLWOMzXTMpR8e/d8Wpext1rjgXIX6DY5rHAyRjtQAAAHbOzOV+s84jsXye04+nV9tlUT4Ht2PmYjr0zKZw3Xme217bUWP6x0/S51vojal7zZf2tlsbiVx3c2V7t5w23y6TcbXr55yFxESvRneyFhJdfH9qe7zv4al/EU7V1Zxz+k/EF7a2ffl5AAAzXvz81v0TpFKxlbTK0LbSthnpFW8lRw29612FD8/XrO0yuKtpC+ZDH9aUfPm1lM5BD9AscGzmTvJ57GPnrXHSMv7m5pfzd+avRz31D5e9nNF3MrXvWhp/d2lptxMLyAAA675Ez6Hc1lNWmSGtZe0qiaErRreGtJynlpBUMg+mBax6YxPPq0rW2HI121JO7qye+UPM3X3o4Lb3XqxFt7ufZb1qvy0W93Y0bROx+uOeLum+NMYoWBYAAA9eR1V0j+ZvZ9G3LKZVY3Qya1oxylPWsIipee0+VejMUri1rFb6tomQqw2NSzenpHD7OlbTleHmOuqPGcAdhaW0p5ur0CwAAAAAD7OQX07q2T+dHQlHUXnW11Sc1tcW+VZVUwvxDNI7GY+WTeNWall0jqvnKz0jOsKorgAAAAAAAAAAAAJbONYoblsNUjNoKGF7a+EgAAAAAAAAAAAAAAAAAAAAAAAAAAAAAP//EACwQAAEEAgEDBAEEAgMAAAAAAAIAAQMEBQYRBxITFBUhMEAQFiIxI2AXMkL/2gAIAQEAAQUC/wBlGKQ0QEP5QRnIf7R2Xsh03aJypdJdnsKv0abmHpFrgqLpZpsabpvpop+nenIun+ngv2ZqYPHq2rgmxWHhTdkalgq2hyfTnWsm2e6dZ7DJ2dn/AA4a89gsZ062jJqj0cFljdM17X7BXiEfXzEgsTEAWJe4bROnmdeUufUEnOPiR6ot6ylxFkcdYca7Sh6U2Tg4sJGz7FoWH2SPN4LI6/c/Ax+Pu5SzhekkUI06WKxEb2pV6rtYpfKXACmk71/iYe4RUdp3Xlj7QsmSsZCGpHPttR1d2aa0Fi9fuBG9qdamdiLGlKYL17C4zQkuRWx4TH7Jj9h6Xy4nG/dDDJYl1HVKerYyxG7qSJ048NLajT3pJHaVuHnRGzt5gFedua4zWFkczHCNzMyTSf4YpZZjMqmSsyX6DWZruCbkcnH/AJBLub+KDvZNMXfmK8lnF26tijY+3Q4gm20v7fh0cDEtivegZpjNwNeReRPMvIsfUO4WWvtI+UI2l9TJFJABipq9VzCuIlgcfH7ZSjFlnJ28kVgkEwm1eVCLE+Tn7S2rUK21VrlOzj7P2YHIe1ZmKWOzE7fptuMmmmHvBDYBl6gXXnZ15GWLx73Su24a0F+c5LmXo3hyDWcbVVieeydTWfJHDgK8UlaIo46vaAXLfntDP2oLSqW+FVuwu9+buuRlwtn1ahtlXMYbIYK79nSvb/LATct3uCyLPaKfH/J0hZFTBejWLwz25reQiqBPYgvNkMLEDFpJTBDp9KmEuq4yZoY5I4GpxRpgcWsvbyIRarNzFreNBpNZqKfAZKBqMF+Cw7udkP6H4WYwuM2Wls+qZHWLf11LU9Kzpm1Q7FjpQ7mlh4RxKSszqSiDoca3Mt0Y4+CJNGzqKKqcdCQ4hGUmAQFlLbgiazl65FTn72An7Wd0Dl3cvx3LvElPja8zvWkhd0zqeCnk6u46Bd14/r1XPS6/laFuO9TkjYlJCnjXhV8xiiNnch54FuF5GZ2tECLNzA3v9qUosRcsKrgoIGGowp/hCzuzoT+f/Pag+UTi6kHj9GfhBILjuPTThOzi/wBXSfZPLXMmBEYOnYXUxDDFdlIiZkzIn4RF8yTPzjMDayKqYrG0AksxxOV4mXqiJ3tfMRADtNCS7IjT/CdebtU9oWaOQ0/9ISQSOL7ToWN2QcljbuIt/Tr2VLDZavMF6kg+Szdhmn5Yi4FE4dspgyhrTXZMdgadZnMAaWT4hrfxeuLpoQBWzFkFuPxDLF447faflEh8wsrdtomgCY5HY3UcidkyF0PK2rUqu2Y6/Rs4239PS3Le4a9OPBDyz7HHOc/kYEeRiFRHLYFov44aJpQsZGGES2OkocuDz+5Y80V6vzc2Eq88s4zR386QKrsF82gyUsc1e8E1WXJugMjMZWYBld2FiJRCXHjQio2QGwLqlqseWofT0iyPgy8zIpu1pMhJE19576HED3GLAi7neLI+jqPkbF23mzxkd5ppGbDTh7hm8p5zK5cZRZqeGHuc3LmOPGgMmQon31Aqk5PF2qPh3hZRoWPiGMZH7WFPJwvI6gNb7rv7cz30addehsh/zidlIHKePhE6NuUw/IxVrAZCrTGezJRgjGKCcI4WhKdiNiad16OUlXpkL+0zThiMB2wR12EAjYWsM7uMbIA5QRoR7WF2ETJ1w7oIXUMK6vYsLWu/RDKUE2CthkMOaJkbIgTx8ogTOrsNGy8mBqqSrYja1I0EBZKRFk50+QvEsDVs5TIxViFggJDGnFeJ+RroYOxeMkwyM3e7IIglTQgyYV/1bqxloaus/T0mzPnx00fbITIhRCnFOCkjYn9ECKl8NjuVl8dWq1YLcsL+4WhM8lclU73J1jcnsMJ4pslJWcF2JgZeLhdnzw3LgDLsFQx9qI4o2K985zbsTgYtl2O7s2R+nSsz7NnBMLUJxIo0QJxTinFdq7UMZc+mjlC7qFOwpNNyDqtopKLVMWBRUqkLrhdvKaN14iXhkdNATImiBFcoA53ZpGzOz4fAjnOpGZyTyzSzn9fTvc/UAPZMBQIoE8KeJPCniRQ8IRQsnXKZ1yuUDESfwxp7kAp706K3cdPLO6ftdF6MVkNw1/FNnOpd+40sss5/bBPLWm0jbxy1RnYm4Txs6KJFGiBk4coY12uyJv0FidOIxt6uNHYldrWcxVBrnUjDQKfqkyl6l5QlN1Az8il2/YJWnyeQtL+/wcPlrWGu65s0V6nXu1bLcJxRRunidNCmAUXiFHYpivX1XRzXpVav4zFjlep9ONZHc89kUckkr/kYrMX8NYwu+YnJNXtWCjazm15cs6drTrxLw114qAKXK4Gksh1IwdVsr1Hy9xWLVm3J+bUyuRoPV6hbDXX/ACdl1N1Hz8isbjsVhHmMpIiuWjTkRf7L/8QAKBEAAgICAQQCAQQDAAAAAAAAAQIAAwQREhMhMDEiQRQFEBVAUVJg/9oACAEDAQE/Af7Opr+jXU1h0sTFVRo+4alEakH0J0ImJ1IuNjIu3lmKlil6/qDHZvUOO4hpYd/F+m43w5t9x6gYKY9a1Dk0Py+TR2LQLynaqozHx2aoNLKyBNdZuKiOhQ6PhxM/ggRoMtWn5CKNxne59t6li7b32iohiOqGXDqffafyGPSoUd4M3FvGidRqq6XLVncyhybw7gciY9ZZOTQTpBp+IR3gaun1LLOoYRudOBePoyxWPyjd/DiVdawCMNDQgj3rVCbMg/4EWqle0VK2PYSzHU+49LL67yur/aWkBeAli8T4ca40WcoMxGXvBdynAAc2i3AehNqo3FyQPQll7NEuIT5Tr8o5lveHt4AYGitKbPowg/U3DZHu4w3FpU0ayM24RNQeAGCwzqtKbk46eF6RGyKgNa3GbZ2JyM5ebf76/wCF/8QAKxEAAgIBAwMCBgIDAAAAAAAAAAECAxEEEiETIDEUIgUQFTBAQTJCUFFh/9oACAECAQE/AfyPBuRuRuRvR1EdRCnn7bkkWahVrLJ6tyYrmyF2PLOvyT1Th/Hkc9XY+ODrS07UbHnJ6iKI6qH+yGphPjP2ZRPieozPZH9HWlE9TIrusultiVw2+1ckIRgSnjyXXeovSj4RbqlGbiV2KRB9H3MqsVkcrvYzWaHqTcoktA0LQtvBXGvTx2x8kLYRRZrJfpFnVtXDKI9PhLk+mX3Pcz0Wq08spZISnYts0aV7URlu72v0OI60zU3KEnCA2dfbwR1K8JZLN9nkqzArtOsjrJ+SmyPgTaIyz3Mkay7oUuRucnljK9M7OWLZR/0c7X7hykuWV3SXhCuT8krX/U08Jbt8iuW5HgjLuaNVTG+vY2P4fKMj00YcmJ2S2xPp/PklppOe1Evh2V5K9JCKxg1OmU5ewhplWRyyp4Fz8ovPbIaHEcETjh8CmmLk2G06ZZEjAjHBF5WDHc/m4jqTFVEsrkn7RKwVM3yKOFhm1GwwLCOWJY7mjb2ZMmTlm1nTOmKKX2eUP5YNrFAUMfgYX+B//8QARBAAAQMCAwQGBwUFBgcAAAAAAQACAwQREiExBSJBURATIzJhcRQgMEJSgZEzQGKCoQY0crHBJCU1YGOSFRZDU4OT0f/aAAgBAQAGPwL/ADLuscfIKzmkfehHGwvcdABclCT/AILU2dmN1YY9iVF/xDD/ADQdUdRTA/E+5/Rf2zbH/rYu1q6qT9FvU1Q/zlK/wsnzev8ACR/uWWyB9VlsSL5rd2BSfOMLsdkUrfKMK0cEbR4NWCqooZW8nMui6CF1FLzj7v0Rmhi9Npx78OZHmNVY5H7pggifI48Gi6DhRinYfemNkHbS2z5tiZ/VCopYpJZm6PkdeyuXW8lYORLp1frOi7TpqigCEcSxEq7X3HNFoq4wRwJXWQyNe3mu6tFkU6WNoo63USMG67zCdRbRgLHDuu4OHMfcW0ez6d80r9GtCbUftFUku/7EZ/mV1Wy9nQwW4hu99dV3ld7l2dvG6z3isL8gET1hb4c1eAYlYuH0Vm38VutxLFPLmEe1ueSwOcWNx6DiEafZUrWsk1F7Lt2l00W4D/TxUVPV3xht7HkrKz2ZL3SsmI0FdHmPs5B3mHwU20qTaHXtgbjc0tzt7dkELcT3nC0cymwsaHVUjQZ5OZ5eSv0EngjjGi8ujVAcVeNm94q/d8ljO5GNXJ8cAwYDpxJ5rdJe/wAETtCR8fHAzvuP9Fu4g3gCqd9ZVdXFG4XwjgFNtOmaWsMpN/BY4w4AH3lHMDhOl1qLn9Vh4WWV1pkqqliteoidGL5ZkKSlqonRyxmzmnh7bZrJNOvafUFPH9o7PyV3H1dVjOULdXJmz6R+BpyxcLp8T5bvOTiVippMOHIFNlqWGNs3vkXc7yR9HikDf9R2aB18FHjiwy6nxWFuijhY7Maqy3rfJW58VdNiC62C0W0YhuP4SfhKfSVkLo5YzZzT7Wj2idIJWvPkmTxODmvFwR0srIhcWwlbzVqtQtejrn/YDU80WRM3WcOCDIHXxOuG3yBX97DqcVsVuS6rZ2yInf6lRvPPyUbZZblm60WthHgg948SgWxDEgOQRkdkBqpJQciclqsiszwQaXC50RHJAhdphhrYx2c44+Dk+g2jAY5G/Rw5j2v/AC9WSdpFnAT7zeSuFvo304K4au5boyJXavIhZ3iupibkMg0cFglBY45LrDKHNacJw6hQzRVRc14Fy/WybOzFI/R660xb2qbdngsZOazkunUNIcDB35Tp5BdrWst4Bb+N/mVeGoezzzXYPZL87K1VTubbQp7r33un0HabMx9nKO8wow1TccDvspm913tI6umeWSROxNITJbhso3ZG/C7p0Wi7q8F1NPkxv1JVyc+h0dU27ShDC/FGNL8FoiSbDVG7skBcv5ALE5pz08FkLDoOWXn0eCz4Jz4hgf8AoVZ46X0G0qds0D8iDw8k6tor1Gz3HJ41Z4H2jKkO7F+7K3mFHUxuuHAG/Rp0lg1OquOjNaLddZbpXVRMMjz7oWKplsfgboFlHidzKybZAK5IPkv52WEO4rByzBRzv0WKy6TFI0PY8Wc12YKk2r+zMZczvSUozLf4VhcLEezdsaqk3oe5f4Vn0l5y5LL1cl1k144uZ1KtDEAeJ4lYWhWtkr3CzAK6wPtfgsyFu2PRdfNWxIlx14K46bhOq6PDS7Q1v7sh8U+hr4DFKzUH2UFcO612+ObeKZPGbhzb3VigEIODArvPqYWHA0+8VjLcb/icsLR0HJbxRBCIYszvLGXIFjv1V0WkotGZPBY5TcnguCwn1MkY3AMrIheGa36FS0NZEWTQuwuHsvRnuu+m3PlwV0CFHNHCXMw6tHFdpceayN1kMPK6xe/4rrpB3MrJ132woNEgxHQK8sgwrKtYPC6uJ2lAsY19PoTyXXtcCzVGKDvAqSM5eKbje52LNNkD+GZVozicschJusGSALb+K1+Swu9U/tDQx/2qlb2wHvs5/L2U1C45TMxDzWas0Ldau0cPKyxv3lZrch0bxw8rpvXVMccTn2dmmu2Rd7WjC8vG6fJfblNlrJi4cgsNO0sYP1Vg0BnFq6ljnBvmsRdqraXNkWuc/A42ufdXUgHC11rj3l3lvarIGwVtRzWIlZo5G45+phcLtORB4qSCFtqaftIfLl7GinBtd+D65LGOI9cxVEQcx3BSwOAj6t2RPJYnTNc3TdWOE3CJbqstVbAtLK7it1hcRyTxVsLXOybY5+aDGDIZIGyDWtRDckMItzRBGqshb1M1HtADtKOQZ/hOXsWTN1jcHD5KCdhuHMB9fVH0iK5OpTsLGvvmrshO7yCE7o/MDgtylPzWVPb5LLL5JkdXJaJu9bTF4LCGWHR4rIWVuKuLoYAfqrIZBWcFdp6NFcr0K/a1jwGjwGZPsjs6R+cBw28Dp/VH1s0Ud5WElk6qleTYWtbUolkEchd8bb2WI0tOP/ErF0Y/hiTN6Tc04WTYoZ5HcMBzX9607GO4Bp6ACss1loVe3Rk5bzbqwGS3nBWhZfxKMtdViSUd2FmpTq+rNhpGzgxvsopHutFL2b//AKhK03Ns/ZGOWMPYdQVjppHQO/RANq43/wAQQ9JrM/wBNfLjkc23FF0VNGHHO9vUyVrdGqu+Zo+at12M8gsMEfVjmUZK6q6ybhGMyU6OiIpIfw976oyTSOe48XG/tGbLrJO3iFm3/wCo1B7ND69jlyQsgRkr+rkF2r2hWZG9y3Imt81+8Nb5Lernrfnkd+ZYnAfMoh9VFjHuR5lOg2U30Zhyx+8jLNI573aucbn2zaiB5Y9huCEDK4CRmUzOR+JBzTcH1cx695pGs81anhdJ+I5BdrNbwaiZquFnm7NERSvlt8DV2FA8/wATrLs6WNv5rrdfGzyCsa9w8laorJX+bln9xZW0rs295vBw5JtVSnrIj34+LCuykz5HX1tVm4LenauwjkmPgFkWUzfqUZq2qF+LpXIx7Op3TH4jkEQ6r6pnwx5K8kjnHxP3n0ihnLObeDk2PaNqafnoPqsVHtMuadLnEF+/xf7Fv7Rb8mBb+0ZPkt6smP51nPIfzq5P1crzVFM23NwWGneZzyYEWUQbTN56uXW1U75Xc3Ov9+vSVksfk5WfKyUfiC/dol2fVR/Jb20Ht/hyW/XzH8y3qiQ/mWbif8y//8QAKhABAAICAQQBBAICAwEAAAAAAQARITFBUWFxgZEwobHBENFA8CBg4fH/2gAIAQEAAT8h/wCue/49/wAY6z3/AMPzGkRsHc/iv8eo2K6eR2CCipup9mz3PXpA+UQPmwVn3ww9or+alKeuL/DNws2q8oZSkItPmTIPwuK37qh/g4qh0AAl8EwihTW1zvtlZWRoH+rBHRobE1/iA3hQlTtsndergQS/66f1BFVgvUUTXo3a2FHKepuUAKaqXltnA2RGlKOYrAaRRlbvBD5BWPoV5jloBasSpKbo4m6udBICc9CVrjIkTIiVQzth0/qi0Aujzj/BV61WT5e02EVjB2/ogIFx9vLy+YhypbE70XLAOjC6NQwXol0DgVLe0NwrWL5VhmOOguY2d1XmIGjwbighw6gQOiDDAuG7BdYGPLApacF/qXTjj7Adg+6O1XgNRY1z0XMLF+XEEsLMkdntnKageUv1LFjU6nb9dup4dpolaug55R2MXjKalctJfyUY7wGaMAJXNU8XxGa3xScMvo04i4pIutCFxFvgx23krV+Ii4VLQ6h2i6/4rIuOQwczoK4eYnTaybfcVQqWvJVG4YYqjS7damvbqWYds2Dx0iD5aASoDocSpaoZO8oxbFo88dFAZjkUl5X1h0E0O4zfCOYdgncKHoj2+sALSGvBKViMOJlJYV3m7ER7qWnRcdSh39HLHJQEBmbiaKM5yjBQMIvlgmMjvAnPg7Y4xFdXLELtCkdQ1FO71mTViqVMppqkDIDqxGvNsTNfasJ93oyt44aT6t0HHPQ5glSvWI8zpS0cwEmGXLiKV9oFSGGtBwKEv2ymNLX4hBZhYJULMxHnO879z2eoOZx16sWdcqPicOGMGboe5cTaZJdT9WS5hDBUlp4IGRio6RVyIC6JQTR8IIVqXNk9ce6yZhqmCDP5BEJfizsE5PqEohp2OnfmGuxAJN6SKMbOsSk10mYBvcviVzAkusV08yD2lMeHT01AFJE3jPMTAgipHVR9DGQVzKjdu5Os12WjOaH2qPYT5uJas8BCv9BV+SLqAda0mOOG4Z/VeiXS92Fn3lW2HkPkm5Yi4bETrxGWCYHlH9S3jcLD+nt9MgAycckaAkv56vh/UsSOmiC7jZmaekZk0Mr0I1Axx11TLdRtm4hT1uBwL4R6yr/65hKym+YXYDa9RgCm3pBcweNKlYVC4wRcAE1WpdUaURn0HuOVXBgcFZnMQ2oA/YNQVmIZg0B5PuXDNSSJ639/TIwrDexbvyf3C7Hg5EsfZBVrMYY3wDxKwugcxIli3BqisjM5Yg+bqqY0WcsdGND/ADH8lML8rzG2W3nlXkHSaVJhCNxcayQSzKtY8+JlK2+xhSjmPmXTv4hC4+YaeFxsl6Ui+FR6JzOWL7wF6jtH6UUiZPp24K7Nv+m/VTy2cyRjiOiWxflhrNt5lOKzGzicSLlMYo6UNz9gJ7Sj+SUgYieFge1nmI2mUFdNB6MvJMguDcFh2VmagMVqbMw+GfHeFAweE5lGC6mSEFpmNXUJXTV094sP65XceT6T/tIDk0huSAOY3shgaYA+Z8JyObOoC97mUXUJGxnXBzv9miCDYMBoiWvK9I7bs3lzH62cR7BcMNUl6al7hHWdRZDMmqxyIEFqPEwj6ArO6XjgvLHmY4r3NxtOK28Mr03FT/EcHCL0dtL+8MXsh/U+kwd8+af0i0dM6CI9G0bntDUv0FRysDiXSs3TZnKNHU0rgshh7zGUww5hwDgR5lFzqNXGqqGwcwNMc5l49hXKiZQK1wTlgMsUMoRzyznpNRPxKl5xDM7nqYstYKGFRpikqaONqBwQ4Iu7C416gm4sI6lpjBOR5dUfY+lg5qvUv9XN5GALXMwxvvEAUGtBDGlQztipnA3uM5zi6i4MltHUefEbpnZE+77Rm63AcSuo46Ea7bdGGTlZ2cxqzcQP2WbQ6QhU3OR3eI2Sumx3EcJk5GoBy2irdUSize7slcoAwMOL335lBFAycSWszUy8IGCk5H3/AKR+hShWvV/aY3AMbUzcQ+McwTxYBlT6mOMypbjurVh+8fFVLfcvzT0zGCpz0c+Yvlhk0ik7teoa6lwwTR2hgEH9DoQQ6lM5WFt8MqC0piClwAxQAvXpNoU0txy2qrqIf47c1K24zow6to+UfX0fuH1K5XNsfUFKP8V/8ZRZgCopfR1IThnu5OkEZ54VXSdkh/31LEy+cm5T6iVaJd4S0gz0V7URAKlYCqmstPEAM0HnrDC9StVmbDbhgYddaZaG9zwmZC1nTC+yvcChL3DdQ35mj3KtSUz0BLlPVfd6GK9/SAIxVu5+EMHi4v8AIrXecXWUEtEyhc7gPMftGTQVg7wHHRN39M/8PeJG0K9YAOyZYw7dKfFLyO15XSuJeEZ/YdJ2ILotpUv4bUYlMyckADAwisBc8VL9HlKlAX3mBajUBSQdohLKtlt449ytF4r4B9Kwt+3Bbj5fmE6DR+Yw6/iTpOzMOo+p3S2+HEvLNfiIAxQ7GNKJkAsM16lL+KUFTbgjgMI0yRPy2N242ucwGTrC6HbGXLLyiCblamUQeZ8omLQ7Bn3ALlzCLT8KJ2ejJHf/AMTIWdYn6Y1kwkbaV1p0eScIuyXajHEbpOzO1DN1EsORcJwFFPeAUMJ4GUGYJ5QjlXxH8C3mIeW1RMrs6p+BEl3c7GIt8ecVqnVujcYcHxkSDtOWdukUkloJ7frFoNvhg7iPtgdGDQyhOYh2TioPSdiIsvIz8TsQAnWJHeri9BKTDuz8TJ4A0yhEPGRkTzkhpT9j5qIX01+FxfC91+ksSIsh74w6h9Gi7JX/AAafSV7GpQJWR9WWoerEJY4lmozRHMAMsEZHzOFvcyhfczjwgINXbhjjXQNovglbQwL/APeOpNw/luXnLll/yCWxT3i7moBeGXbHtxlEtZh+6JqlObN/iGnL8b7T+vSIr5xTn80v7m5XHMwv2dYrHdYfzqWYvh+R16j5N5S+/wDnXHveqUQN5fmY+frbMSPFeWIKyZvzbn3LFHr8w/8AZf/aAAwDAQACAAMAAAAQ888888888888888888888884zt5NHPJAY888888888iQcnlbIRyItG8888888eu2ZVoZqxmGceG8888880RD2NtvPg/X3l0Z88888IgaxeYEZ8JSRfUVB888884xqLdQQnW9GvNtWi88888vr6/Ww3Axiv8AXvj69PPPMZPEfRZq4pEBnrVA/PPPPNF+AJPqGDvlq61lvPPPLB757UNkChhHf1XPPPPPPCIrLS2PhTPPPPPPPPPPPPPLnDnPPPPPPPPPPPPPPPPPPPPPPPPPPPPPPP/EACMRAQEBAAICAgEFAQAAAAAAAAEAESExQVEgMBBAUHGBwbH/2gAIAQMBAT8Q/UYtq1Y2LYwL1dfZkrWJjPCRGwcNy7DwWsNTxFwn+PwnsDIvRx9Jw2eTPD+IDAhTjiQpxHDxHgnzOA8S8M5bAzvOYEW0Tq42Th2Z9x9Cc3qn1HaMsJipceiTZx4XPbztzgLAiBPL6JfTg8F2aPZBECQIyZ8++fw65vbGxmEJdnToBluWpHkHd1ofkl2pc6hEz57xehfMXiou8wPuzyvoJDRqWGh7UjMisQPHSeiY+ZmPEunzYATeMtFwZFgx3zvRD5wsMt/q8EM05e5y8UGbZPMdZbDp8WQm83pZlXU/5CNdxdb0loHNnuWEdbm7m6zbtqGHzHLOFwXrb317i9UsQ/wjzMPUBKZVke4+Zd2XJen5EwBbbbKv1FhceLS0tX9x/8QAJhEBAAICAQQBAwUAAAAAAAAAAQARITFBECBRYTBAcYGRobHh8P/aAAgBAgEBPxD6hTaIcz3dJDooQIG9fGl2aj5HHmD2MXCBqWHUVQoItDi5PcT5xCFlvtEgZfBtqckXhNvvFirdw3blAMr/AJl4S3LDMbgZIjILTEbL+kexHV9llQM++/DMUDkU3sJDcbrb2syszAKYIFKe7ajAtD+YK4L8sMRHphBBTFMNQR32xU0zdE/NQ+46y4Hr94hEU1coVieCUctVCoVlJhimgLFY7mphnPcLIrblA7cEOZmPgnjj3F70uwBcLtzAawQmhTLnlAF2/EAPMzlHcPdmjupzcoQqQDQtg9hDf9TUs71nniOTtCtDDphwzLkKZlmyY7lVOV2k3LCFxNxIBM45MwUog3LFrQwN2k4SJzC4Q6EHzAB7TZHES4DN0TwpbNYjQxK2I9xfuLOoDglQyRQOLEHvS0siJuVcrMw6PWBA3TLcpz0TXfV7iaYliPiWZZFdw4APmQd9KiV9f//EACsQAQACAgICAgEEAQUBAQAAAAEAESExQVFhcYGRoTCxwfBAEGDR4fEgUP/aAAgBAQABPxD/AGyFy2FvM4jHcv8Aolnc9kx2lHco3croZZtZ2fslFX2OMo7nt/jVW405ISiTYGgCr4Ijyei9Xy2eAMF/1TBPzAMJEYz4B/MaEoL+rEw+38/yBKlGbQD8QkqP6Fweh8okSdKynUecf7yEm00o/khhQNhV+JUpjAg+iLgygJHeyBXdvj1XcB6gJ5Lv8sh9g8xLYooKOE4iV/gguv8AQjYGQXjBA8hB7UAL4omNusPXYP8Aua0TrivIEONwQmylUGjHMtCMZcU9xVrxgXjzNXWoGg7s6gulLw56lIQsJVM0TKaSg4hW3VomGNzVzwxLzmiAAgu0rK/9IlgMQT07g4rttCSgdsXiZ4nqOKlqI69JyRjkQoovDKe0JvOpWcsE38cketkTr/Av82fVzRobVwEbxafDjTy87EMM1XGLdn2MJ193zL5dGKj7uWlAQPF9rKfBI0zfvLaDPCergUbgzt46jbhxLR/PmJEsVsA7DGIiSaWqkbvrmHSWVZoYGHJ28xenv3LmINI60V1GMqqywot3hxdQywCLLE0W+kqCBxjK9oFchfMUiAwLlhrOO8xau7Gg8RBXTCLf6bhOvNAf+xaY66Dd+tQXIiUGcg1jKsaMQAWA2tSSiwFrxHIp+tsBz6FB5VlRkw7wKNmgeCNlbAfwYtZCPd1CKuSDs6x8RDNMwxXmWMkdhl5zC2lCEWHUToJgOA3/ADKQ13MhhrjMZqG0AT+8w1RVUw22dpSeIcDjLbfMbXFLKdA5rxLj7S3NZK9gfELaE4W46MS2q8NY3FA+YeuJ14WbbAa8xnoULsVh9eJTGjn+iuBzmc9QLBw4U0zIRBKUDmBL1uS6PP8A1Gplha1HBoBgaVoVq+JT3QUR/J50yr/VtNpWkKQoFalIBEyFsJgASD0n2+YcSP7zIAUNXEyoKMykbmL7gs1CFB/Esggdpp+Z/iXBuNAJ35LhvzMaEcLCKGgC8EwoCa0cKXefMZHFSGNIoLsc6OozJj5AAA9QXNdYvPiUNuZNlu3apSGymtLAj6jUwKwPm8/EHIqabt2wADWtATb5isDcLQniAT0UBuFSL2cNZPzLyuAAbR2PlMjceIFgg5Ox4Yb/AFBAAZshR9QSf4h1gTYyyxU8QphiVZNXkJVftKri2WLfDd3AT6DDkIdZgGhv3uDNgS3XbGb8zRmexeLUytXm4u84iRSdtcxIo1SCwMTZM6zNAJY7WbvhAiZw54wigBafmXV8xLd5o4PiWG0XsCkyDiZeYDQYxplIeMcBaq+Jd70wcLIELo6vZLm9zY66h3baW+n1MGlxCvuCT7DZbn+ZdgMCnmPLECQKxVz6XJmktlxSTT4LKZEjV4/T0nV4NcwvtDs5xNHZaP7/AEjwQdHiHl2UuAiGlLDLL0ab0Q1WavCwG2COEUIGXdfLz7j9YFNFTL1UoOitVRyDYfeZfu6LjItXim/uO94JMCWLGiuYHNQgC41zince6TCVZqZSDDWlqFPUAUxQsBfEqjngSoYXKIi5qF6Lrct+ehZey5CoOaYtSLrrMUBraMzrmAzOGG/oP3Bqsho3uxCPcPIOmv4lBOqlLoaQyYxOU6dpS92pMS6IKs8cute1T1f+iIX+jo+oik8kVWa4dJyKTLFEIB+HaPajXnvzNAMeaIeirM4gtlQrEt7HembZRjTfEz+CW6GBD7iazQN8kJTBAwt0GIFGJeAXHFrMLli8hQi+o3BoE9H1EgNG0Mbd2wq2KKUo2cxdWXUetfvF3atzmr8eoJCpRsG74hcLas4nX4ggGZoLy42dkeUHIDj5hNzwV1brjuGAoLMyiSRhIzwSx1UsHIkclm2Lua3XB30VlzqU1f6F4qC2pb0gjGBK6tyOwRyxVawWEA8IPzAh6IqP2Stw5jJYc9RN8AeAZx6xFV0gAxWIKmVjvl7jBWqvDFZhaG68w+O9tXnqEBzUldkq9MtolcDj3iWaAigbsDNDgaiReytb46IMzDQCqDxNq04QL/pG9uraIPERbKiU5rY1EnSoOQaVxW4CPYBYbYx16lO6FitIz1BgzSvEBoheH4iTdKDs/wCZmXGAuu4z+hlXarA+YwrohbWFbdrW60AURxnK8hsR0/pbjmhLor1A7st1BUFRoky26NaVGmB4FmJx4hVn/wAgU0H7gkOmy65ggt5DqASWjmFV62qN/UyRMFQdfyM4EDgV2oErDQ2L9QYKi7EMTxbgaOrlZSYSquKl2TgH2R2yi8FPcvNBWN/9xqoaoDCygq4ralAgjg243CdroF58JjhZhBXMrmsZmS5QMxboIlMZlrorGrY8XO9yk1ccC8GwnCP6JvE7P1sQfREqoLdqGzwzegbr1GUbFCvmY0YVekXFMuqDriU0VsJ5JfhdBCDYvk8+I2igDD0cssp7JjfksA+bjpmLHP8AmNpZOFuXlDYWaG8sshdOFVMEnXkxqYSi5FmyI0EC+X1GHUBTY+pX5CVh5PMFZYKHkdxYG7PQxVDLVPR/mFeCAG3R7hiOK7M/V84i3FRUMpuMlALsMRAollXHKFGk4hW+IL0yu63hHXMIjudUlWdjseRI4Wv0BqXbvtYHQ+sAl2e4ihVDR1LWpTIwNfncWzkyjT3Eb2Koa+ZZURIpQXBDbTsU3T4HDGtYGowXQ+YQUpRkVweJjznwvtC+sxByaJpc60LkqLgTpcVrwxv1IC3cULlWNk32CSEDhmesl9HrzMAgpGF5C+MS4UoI1cZPcs2PJwHD5mvfjwF8fMNX2jb+o75VAeDuHIwtEDoirk7bYDGOzUQApDTGVnWC2WfLmgchndBxCnK5iV+g59llpj96+IGNVZuZaHNz6iAWBMrLiL0vATio8VzIcUYqK6GF4ARrvgoaxDUkOBDl4uNZdrkUujAvPPiMD6gqUt8jbaNEWtPwUU5qzj4hGXJs9GWYhuHADfubMQG1e4clUvar2X1LuVtRzfUVd7R27V/E388MwZXg291xNaLqYGrqavLCLYHWqsX/AHqGsVAtUKbr3uXYrqABWrVcbikdGqdniudRJLe0lAc+rlR6cgyuopodoKb78zbbiYP1CotYg2NCvZCOyofKnjD235WgwU1+g8Vjy0h9mO6WXnshloUE3gSIKAhemo9zln8xIEiukCOFpT4R4gwUtOxC52C40NUZr0xiufqUhrdOEgLqdpaS5URk/hcTIOFNRK9jjmN7Kq0BcQkvaucT86l9U0I5SUcvVSvefAa2vnzD2Z6eC+IyS03PR8Skl8K2xGnxiW+gmBBmmvuXFImAjxUtglkZHghkDdbl8xw88yxplJ+xKDRcqftgWms+PlhFv/6NxbYy2Zb4o/JBUExm+X5GBTLLISKE4hiXLiHUrQ5qImwVjkrnxLkgcdAU/mDhS66eC616i7USEtFqrBLVV8qKO8GYUlQMh8/iILp6RkgvN1EisBOAAH7RcQKVEUNXluvEx4XhIGKO4rMYpc45O4oAgoCgftGpy4mjw/vcQTpm3NeFmReYNg3+JXioKsltu93FxRCrNlw3KBm2VsFNfMqyBTqrzG7r6fHhcKDLTEMV8yRgRJ8R8u/0a+r0rbsfpI6WdmE4Y1byseoCypdxCRQuYZ+kAOKruoSrbCav/mL0FudW7umEAcSIY/5y353AtVtvqGXJYzKHoLy8Q0Ma5bQ7i/S5rr0LB91lFF8GdzLyhMt9/wAR8AdrdaST7VM2UskD05erlg8b+5qgbZt9dEU0Mlt+fx8yhzpbu9RMsilOZUiZwPcOsNKGIxsKDilicpWQzbuiWruQWHqPlAHV+LyxPCQPHAWvZEooFWtjHm1bzUb5/RUYEmFA+4FX0oWqBdd4x6Jn5iLxil0Q1kb7UoRARVI9kvugo5rUMFWhtXEYJCsV4GZsRqGN+o1+6N4wwhvmUNIqDWWsE4rdy80woAOwG8+biTBFq4VM35gcmjVoF26aOJeXfKMeAZHmJQC0URi4T2QyjFpMWw4TDc5aQWtHIX9Q8xSy8vzH51wJavWI3SsSjgBgPLqIkpPn4YMdD3Ej1aS8q3LYq7/RRCNBE2eZXdP83hs8eglkhAnUykDGmb2fxj5gW7LA9BfIS8EU44f7czhQiS/lcHBRKpofPmOgxFq6mxvfcKqZia0Kj8W9XHs3iINaBtF+hmWpPk+yIoNdWT+WL24NUr+Iahr20/EWsRsafwwyl+GflmCU5hPTantl7iMH7AX7KSXvYbHtRX9W8VFF3NQ2xgdg3sMfasauEhW+sHcxYS8QQl1ADXGUl0YpzdyxUph6ihdvqCRadowGhQgTBoziCHK8BbKdDnnHgZlyoV2b4jl+ohbWy8Dq+fqX1Tp2ei38ThAE9LwsSgovCswVdOEP2SoNdZU+bgpJpmhSW1IipQOVt/wCqbiJQVOTg/SXnhpletDSLJ0rphez7VjkphiWzGGEyUKuiRUhd9zBj7EqPyRgbsJRZiwiqGz9ty2BN194Uz8TC0SNDpoPqfveOhALHySzo919cWlt6SIG9a9PtWNcf4+0NUGGfCPl4asvEGeeHMZLS+FIMbJFHVLC1ebW2PEBtVoEYA29Qtpf1RHPPlKD9mBqn58eLPH2M+bYlzOhQvpbgnvRwucXMPmUnmlY4+y0Ou1UyvqzR6/zdZIHMm6IvZEASqnv9v4l9F/6WpfAnVrPmyGbXCaZa5WTEf1xzGCp2u/v/wDhWy2Wy3/YH//Z',1,'2017-07-02 04:45:33','2017-07-02 04:45:33'),(36,'BARCA P DO FRED','BARCA PEQUENA',45.01,'data:image/jpeg;base64,/9j/4gIcSUNDX1BST0ZJTEUAAQEAAAIMbGNtcwIQAABtbnRyUkdCIFhZWiAH3AABABkAAwApADlhY3NwQVBQTAAAAAAAAAAAAAAAAAAAAAAAAAAAAAAAAAAA9tYAAQAAAADTLWxjbXMAAAAAAAAAAAAAAAAAAAAAAAAAAAAAAAAAAAAAAAAAAAAAAAAAAAAAAAAAAAAAAApkZXNjAAAA/AAAAF5jcHJ0AAABXAAAAAt3dHB0AAABaAAAABRia3B0AAABfAAAABRyWFlaAAABkAAAABRnWFlaAAABpAAAABRiWFlaAAABuAAAABRyVFJDAAABzAAAAEBnVFJDAAABzAAAAEBiVFJDAAABzAAAAEBkZXNjAAAAAAAAAANjMgAAAAAAAAAAAAAAAAAAAAAAAAAAAAAAAAAAAAAAAAAAAAAAAAAAAAAAAAAAAAAAAAAAAAAAAAAAAAAAAAAAAAAAAAAAAAAAAAAAAAAAAAAAAAB0ZXh0AAAAAEZCAABYWVogAAAAAAAA9tYAAQAAAADTLVhZWiAAAAAAAAADFgAAAzMAAAKkWFlaIAAAAAAAAG+iAAA49QAAA5BYWVogAAAAAAAAYpkAALeFAAAY2lhZWiAAAAAAAAAkoAAAD4QAALbPY3VydgAAAAAAAAAaAAAAywHJA2MFkghrC/YQPxVRGzQh8SmQMhg7kkYFUXdd7WtwegWJsZp8rGm/fdPD6TD////gABBKRklGAAEBAAABAAEAAP/tAJRQaG90b3Nob3AgMy4wADhCSU0EBAAAAAAAeBwCZwAUekVGS0dvQnJpR2dZM0hkVjBZMjMcAigAWkZCTUQyMzAwMDk2ZDAxMDAwMGI0MDkwMDAwMTQxMTAwMDAwODE5MDAwMDc2NDEwMDAwODI0OTAwMDA1ZjU5MDAwMGIxNjEwMDAwNjE2OTAwMDBjOTdlMDAwMP/bAEMAAwICAgICAwICAgMDAwMEBgQEBAQECAYGBQYJCAoKCQgJCQoMDwwKCw4LCQkNEQ0ODxAQERAKDBITEhATDxAQEP/bAEMBAwMDBAMECAQECBALCQsQEBAQEBAQEBAQEBAQEBAQEBAQEBAQEBAQEBAQEBAQEBAQEBAQEBAQEBAQEBAQEBAQEP/CABEIAREBQAMBIgACEQEDEQH/xAAdAAAABwEBAQAAAAAAAAAAAAAAAgMEBQYHAQgJ/8QAGwEAAQUBAQAAAAAAAAAAAAAAAAIDBAUGAQf/2gAMAwEAAhADEAAAAfUgADnQAAAAAAAAAALioSPmkIBwp24NTvPTNdO4oI7OX5pMnl4U4rdWcajPeo9S8IykuD7Cp+TTKF3F9W782uTuTKdfZXfN5DoqcvQMOdAAAEhwB0AAAAAAKHUI7zcE/i5uAUqiIFXV9C1s83ED5vREel8urbNnzu9aSnz2T3adbPNielZ7Mgtl1uux7Frvn9MV7tnvJO+19npy1YnZUF8Zud9lcJ96KgnQIAAA5wO8HAFSg/OoP6x1UG4cog3XW3mrsTt01svplFUfNMhi729bROvtYx0vDlGVrFibcr3l32Zil9nceLwaPOdtLD0TUX8ommwyWwlnMFxfdKl8mtGlyOmnzZG8zuonarqOjgAc5HA+xWp5eCyAXAqplQIpKa1U2Z4xF5ldSoVrgLzJc8XYa/Ler7fXpfK6dsQ7ao06MlEOePKWCnyHYfn5vrz7XY+ZdQ7rLbaZI24thVmsy5IT0GFhrDO2bFp7S7/LeXNyyCgWMP6W87m7rU95pho0CLqLATpgB5qL2GosnEKTmV2Zp9JixKf1i3PJFfh+S+w7FfUGB6PJQMacpHyzjKTOO30/bU+Qq7JFvN0p7YGPJVIm60/Z0r+RqrXlWjMQz5FhO1yYVktdeH408egaJCPtSGMHj9151xwV6BOrEAjomsVVkaJ4vkdqAeVYntpSIeJjksUbHy4F2r7JSVHfxNUu8CvpN8cOe1HUm9WZs7WemWxh+CmGM/KbiaTes+fRGIRdPkV2uJRzuqvlXjKRXsVuh/IajDSEQOZz22MPQ/H4xyu8BmaZudTZpxCU5kNm5mIm02tHGLPnTqYaLnxCl1/oZQLSID2DYfeVIlNkedaFM5No4oEQs3Lptbq7L8Ymk41ivspkl0jn0ZRWpOsaGu2hSEZUrkjL8lWNu7bpma06IUr79Zqla0htvPJc3e3RCqskq4Wcx227CsGEqFOWJqkPrrtH8WeYzgrsXqTpFbbKkXKotzKvWU42389F0zu1SYmsSOay+UeqeiU2LtGdSRgY+DOfsqqJse9QMoEprsS8d2d3ITT+fqvQWFM1pzKovLK3pPGbih9ZdZ12TUo0Mlhxm2FPRr0+vskRAVHX472bRdXq2U1VRfMG1LqJqNZOFd45VlVtU6OtsMmfkz3We2ebwyU0ervQCMDVwqpSqRvLqFpT3E73GSZUXONZRNoRbUz60vUbCaK9qRdhJDN+xXfiOuiIdb5Ui2GvkGpCWP2NbOwsO32ONGv5NsLZ6JsGRapUzKSx1CsVV42mqbGTIFp5m/Ft6CyWc02kgyy/GbGCiLmV1dDJfK6pef1a3ViZyxz8/Ow3IS4R8s7Vs0mqjK5LN9QEmHQ5Wgz6ZFiazcfElR8Q+r7VxbqCnk1ljjR7pxsMhEyE4/cbjZRZqg9JWjLNBhPu83vuNRX5SPTeRLqHf8fpTpjilal2LTCXhjXWcCVSuxLNzVSV2UpatPK3cUmzythb1FoylK/LMSmTMjRuxsEYjC8deef99za2qJHT/Mdltchu+UzlOiy6JLNnl/QqrhTrZjoqAr1McNtveBbTDdodSt2esSUyTlUbsNLtuW+neR1mpk3YiSUO9hyX1GskCdzmssod91JFNlLhb5tHk7X4q3i1ro+a3zVBAkfRPIyKPMhP88kK1eYmszlalrGluCMVLpi3nNfTrCdG8xradnB1dxBnOP497Hc690vH5Bo9B1SBZMOyNOToD3N49D+V/WzKiRczBxHqe2Z3pwi8t0rHkqrRmUvyxqaZ+TarUL/nd1pNNoFQgtDI2eQN8qcK5h7K3mbjOVphM1CZW5A5buJ0WYt9KlEHrNB4k6lk1lC8Mlzj1C24eWOa7mfCIZynediCu4/oii5KGi+rfLfrGM4pWZ3kGU1R6k61lNP1yqBhizDryzv4Mz8a/aP560KFM0e1UWeXHnqHc6+hxhAMIpaLVGNoxZnTCXiZ0ZQhTdPd/FOAQKGBLqgBFlJ8DG8w9YMOHlEmv5gnsMlILcWT1t5UIlHs5XP5dhdIfTzSOuNpmgwqleb2EpV5zPQOuo7p2Zu0npKFr2qM9e0+9UmK7W4g0M72QbRkY63V0jCQjihXwe5wsUCdMAJ0FDqfeAXhygnHyfAxvL/V7Dh5U7q+Zc7GoPTJVpd387MUc9OZpmrbvYpNdRxLZRc51FTpuckvSfl61c56DyWLorDlho3SyWx0yihES3ODOR6vw9xoWBkohivWwJFMUC86UOc7wABwOJn4CEdLJBkGZ+p2XDyypq2ZJ6xbOVuEKLOXpBdcqp7FITDLg1UKZaUmzluCZFVOicxx+CqZ0wTMboe+G4ChgyABqgAHOAAXgAc4AHCgAQgAcTA4JUoDncLIAJb3ABLkfEgcOIgc4wAC0kbgAo+A6PFgACYAG6AH/8QAMBAAAgICAgICAQMEAQMFAAAAAgMBBAAFERIGExQhEAcVIiAjMDEkMjVAFiUzQUP/2gAIAQEAAQUC/wAnlvmadUuzZdadAxGFjSylrrOzf4v4tW11fyDyGAjSaQiPebuvqkbnfteet8j22ss6f9S6z4Vt6NwLd76s3vtbu0rI2zTrYhXGAOCODHH/AIEzER5V5pCxc0mzAxGThTlOg7ZWPG/GU0a+/wDIumabSTBbzfI1tfdbxtk2sJpLj8VdjbpzW8udMBeCzlbsyaNbKyoiAwI5wY4/8Br1IDyjzQreGwjyI/E5U17tg/x3xytr17/fzGaXSFE73yCvrK263R2WNMmEAc4K/r1ZIcZGLORmnvr1SdN5tRPKF6ndBfPIRx/nmeMvbGtQT5H5VZ3En/OYjJyZypTdeseP+PpoV95v/wCWh0fBeQeQV9Yjcbhlg1qs33UvBdzagP0vQhVXwvQgzzTRq1d7gs9YZADkjk/WeJ6a+7KezsVhRt6zJU5bYic5zn/FM5ut9V1SdvvLW1dP3nH4KcqU3336HQoop3e8KZ0mj655B5GjXI/Z9zvc03g+m97adHWYES1lm1LcpDIn5Nqv3ehxIz+Oc8d0R7i2Ip6d1c+4ea+0ZXb++QpFDc6zZD95znORP9U/WeSeWV9WNy/ZuN/+4jJHCjKtN912l0aNencbopLR6XpG+8hXTTuNqbS8X3EbTTVWehdqzBz7UorSUmQXJhKra155n42tY/jUap23s1UKqJZK8752OcFTZn+9XzUrplTMfIddmq8+0OzNbAbH9JkIR5H5rHDHyZRzkDnGdecRTdcdpNMiirc7phlp9PCo3u/VVTtNrLSawmT4frIreHEfVcljZ6xE/wAu/Ufdmqak2+Q6+NPudRqX7q9Xpa/V1+y4zoPX66s7lhn1gGGw68KpIobmHW/1N1tZF7VeV7rVTpv1YWf5mcu3q1JHkXlz9phFM4I8fjjBDEUXWC1epRSRt9wbWajVRWjeb5dNWx2J2CsOkiz9Or69j446ZwY5mxP8gnkmt4z7mVEas8srV99saVWpr0ROLOePdPUjYzIh0lY59kKTVU66OVrNdNptattKG28L2mujmfxM5u9/T0id1vru3dJyWBGRGcRg5TSdhmr1yqytttzaVOoNIVNjGpWcXfE/HrkX/wBLzkNt4/ttGXgusChrtjHS0ueoWZLpr6HyId4xYOL2j3C51FTYumx4y+xaX44oIlQLk1dkpNTcaaqtYrbTjUAMuvu6KXVY+KyEVYGySmHZOc2fjer3L83/AJcjXZesttP4+4DOPx95Wqutu1esRQTs9sbTo1l0oJQuzsxRr/0a4aAd6x1yXcbsfFdR1uBswwa4yK6qYxBdcr9sPpjSmTO3C8sjdfUpay1NzbP9rvkjSU678/K1Ynkt/on+URHoPBUkwiasTIUH4xRKLeeWNt5Yd3n7nBDOvGdM4ytXO0zV6xNFOz2jHso0VVgMSA0M65/atBXnoXSImzr1MWvY9Cs24WT7LHZ+5/3Kla01fwGxHugYO0MR7JamHTErs+xaW98Nf8rL0uhNdMQnhUQ31Z7PsCz2GOFBcF7uPkFI27bHFxgxgxnGF9YlLLDNdrVUE7HZssMTQ+Akee3UGhAdDV/DCUNxY2XKwNm3mz8W5lhjGDXCvRrxvaCoTtkWItbFMYeyGZGxJyEx0rUvkzCliK1iLr8843mqFKwUXQdzhLhjB9IMhiOoWE8Ju18+ZV5seop9U568BWevBXnwycev1yaCtlsm2WaXUrrT5BqLF9gaSWj/AOmm8N8dYOHXYjFn1myMPhvZJqbBHaeFFTNr8gkNMhquCFOsLg4+UeVkWYJa7HEMgRJ+WGkM+TFNe+xp+qqyRa8fhJLZphM2G2Dqqeso/tYToyWHOew8ZR+vREZMdcWEcQiCKnUGqvY7Bllut1qqKxszYusY0cXswUNjbiOTvIHC3gFFgkMn+eOFpCu6imW2J1shGU5Svt9tdtSyKK/xMRHOTarKircFpOeMZ78sWiMt1TXd0rHuBKGTJ6E4u5NaJtVZWrBsyuOSdC1dze6hWY/yPVVMdWjH1ftdKcKv91ay6y7+wdZdQ16aKtnuhXGgg1sdZe3BFh5CZLPWzkHMjAIMIEcs9tXNzYZ07Nza1K6wpT77FG12KvZ7rH0sCxZmvYoXfemw31j8lYrjbN9pW5JscdV+J06lvb7iK1WtZ7ipzCivr2vwdL2C7q/IaRDcID9lEAZXMs/byKWUfTkLgI2F51t1CkrXq3G7iIrUTrDRP/2+WkOA5nMNsTgtdhevgUqwhXGNb1jZpmxl9bKjLE/8bUQR7WmziNXce6G2wrHudRmt2HrZdsf8bZtkljYHr7pZNYuU2axNSehO4Go0vYQ1vxoVPML7ZHMTsKFbZBsPFb1UhqmcsrrrBYf7zvX2Wm0qSdcndb3rGq14Vs227U9m01SU1DT9AucD2Q07LQw7hTPyCwLJHDDnkzzaVLWzvt8e2Ap12mtU7DvQcVPXrqY3vjOseUKtOhgtYlbdvUoKlaNhTmpdQkvXXPrgMjrY460kcYnG1IXleRI49frj6yUoaP7zWHLt07U3tg686lSTrE7ze8ZQ9VItp5CZ5qA/dt7Wsr43VCFF0xjJiAlnJrNkL1j2YnVdZZqme2zqnji6aKcdR9dtIQDO6s/k6blJjyfrbQ44pTUVackkXvIr4L01szr6I+J0nGftToyzGypxRv8AIpuDOV7McXIMMq3AEOqZx12AKsmK6r96xebSpo1qd5vuufJBU2tkRybJPP01oE+8sgkhCLlB9ZuK17DYOuRWgJppF+zXMs2BQTGzjGwyZkOIf0xsr6moDz9u98s0tfpd1y64zQbsm1fG6mvkExymuksTVVVXIpkmUwbi0h69hqJ0h61tS8M1HIwLUcHC2Syy/hjPq9esXn0qVfWp3m/4ht2TI2EecYtUnngOwZTv6LZ7K/tddPrs2IAsO0iol+yawXbsVZX3dR8xt0suqr9sOvEZCUHk01dhQgC+JJQYisbrhOdjPI0ndrVFgWVpqrZLUdjPtjCIZozzZl38/rNzXb47foeUhzzUuBZ17kj/ANeXnDWVTpo1lffb7Hmx5EOdJLFU5LArQOVRV8kGD1qGMnsGyS9z0lT7coW5L2pWCgKu+pNjX0WW6x661GMW9WC6OeOI/tzFm0ILYS8ueqcoBVVslVCNCrJcSyShZCarAFwo/W2XmMMt8ZaQO0rTYsU3aveWJra7fTMW2ULK95aCxZ32/wCMN8sLsZYFUmYuqAYMRGc840ewp23TR1mJMLL4Tm5t2XWk26SRHZosydSwhuoppsbC/wCYbU9+i2wVjeo2X2K+vkrOveIsE4K5aHh9kCXatCIrBdjaa4uK201p18rviDbbKIYyeFs5Y93GFPOAXRXlFRZQLnJiruSVgvhy7cx7WE7YWY1vpwVwvBP75znOc5zR1a4ePh0AfINzsdderzliu4o1Fv0W3XPlM8Tpzn9uYsD8hddAIWkTNqbUKbvSsgx7lZNoQl1sjYiyHr0e5mV03jZrX6x0bEHykynFTwxpx2Msiz/Hyi1ZhvfrK+Jije9eOKOOkFinsXEOUzJEo/oIoGPBLfGwhhKV5EwmVEtlaaiwfR9cw3XVLO5tMSloKEBz+Sst2IGzFlq8kicWzaMIv2vcT1xC12ZlCw9RV2yeeP7BtZWzrza1qC7VGmWA2By1s0KNhyya9xVpnkcSMwYllRvrywvsDB/4Wy8LCctU7VI+MBxrkXrLJH6IijGnM5qr8avYXPNaE01kraa+/TqPqpZc1in3w+V4HsnbHym/ZJNdff02lNbm68fVe1fj1be10Mr3Fo237zR18JntIcwfEMWbGZqUrWbUROa+1Fmk5ba1kziZbMWCdWUCo1bZVrNVTp55IGobQmcWw4xD2sysj1oKMsVk2V7Dw8ebNWxTZxgNJc+4GC2OJ7RmutLoX9n5qj1UvI9Wo9/5EVx/JFn6a3vh+SNGWL+4C07sne1fMLNqBZWr3L8GjftuICo0jzkRwvtiogg1jp4TBSLNkeuvkIvC3r4cK6hU3NT2X8jspr/q1pCvCwCUwTgcQw/WrZ2QGYyYyYx9ZFlWx8Nics1rNI5D7konJUzjnthfeR94cZxn6eIsN8qspbJfZw0JFzJEsth7hXp69ePI1WlAos9pQCoysoZynaBOU7oKAig7tEfXLueLJKsskhYDL/VtRsKh1pkHcExtYJmGT95MZMZ1zrnTLFRNpWy8J+7NaxSbK8L1MhlVsRk5xn6dX00fJJZETDoJjFKPLNhINK0qACVU82tkbFciGHdpLHP9eI2rFY/ZNa2jaepIS08sXEUpOJaLkV05u7rUIr9LFNUkkBb1zZOCxb/EfjjOIzjOudckctU61tWz8Jy1Us0m9eJP1tmaf8fjTxqQBG1p7gHYJKPOvUr/AIHqn7DcXBiKI3Wr8k1jnJfEjhXMmeZ/GjtneCqK60W6jPIMsTYJXU68WhWa5JIic8AisMizr7PwMZxnH54zjOM4yYy1Ur2k7LwiMtVLNF3E8w6RmZWQazc39U+vudY6ovf0js7Csqy4K6OPkRJ3vawdkU1j/HGRGJYxB6V5eRhT1qKMsZm1eEYxvtJjRZiLi2jviKHfjjFBnGRGcf4JHnLVOvbVsvB/qzWsUm9eszIHh1e0IY6m7U+eMFdC+ma/yu2eT2thodgwiMuJzjIjOMiM11s9ff1O6q7lFp3bNlKmXtpaWKeZ4/3nH5AMAeM4/wAkxlqoi2rZeETGWatmm37iZIWZNcuOFliWvqnsLd28/rnTOudc4/EZot0elff8yuPK5dfcnpnGcYK5KYrfUVshXGAOErJH/HP4kct1KtxWy8JyzWs03cTzJCyfj4Vfvkq65EcZAQWSrJXxnH5LJyc4wA7SlXGdYziMmMjJXhqwlZI5P+KfxOWaqLith4WM5aqWabJHPcXISh2N1xEELIfxMYYZxnGThZxgL5xa+sDkz/ROHhYWT/mLPLf+zR+P/wBaP/d9h/8AJH+sP/U/gsnB/wBh/wBWRk5GR+P/xAA0EQABBAEDAwIFAgMJAAAAAAABAAIDBBEFEiETIjEQMiAjMEFRFIEGJLEVFjNAQmFxkcH/2gAIAQMBAT8B+hWrA/Mk4H9VWrAfzFngDwFPJu+dNx+Ardo2D6MTjj6tWp1PmP4H9VFXZE3r2OAPAUs2/wCdN+wUxnvu7BwotKml58BWK5rybD6cnhR6RPKzeApK8kXvbj6VOoZTvf4UUDYW9WXgDwFNJuPVn/YJ7GyQ9QDJPhRMdBEGgeVYrmKPZGtTqvLd2PHppGlunPVk8BRQ8YT6cL24kWq6QK7etEePoUqPV7ncf+qKu2Ab5P2CsSbPnTH/AIVu46y5aHJ14+mfsmgbsKVocVdhjlhczKoaE+1MXH2hMpiBm0LYc8qPbnlavb642MHCmrPee0KWCSH38fDRpOm7j4VamIxkohsox91Oxju14VzT42jcxaF8mTkrVLoI2RO7k27aY3Adwm2pX8KrYsQdjXYBKmsb5WRMfk/cq9fjrybd2VHrMV2ExxtwVBQAG6YZW1njav00FthY9vPwUKLp3ZPhVq7IcAokwn/ZTsDu8J7XWeGnlNpvj4n5H5U87a/bF/2g/cfPKr1yR3J8TWDhSyN8BNkLDkKyOodxX8OTQQzfO4T9Rqud02HJUnUb7WKAukOHsx60KDrLsnwoYGVW5K1OWTrBwPKF7UH8NUVjUB/iNyohu+ZjBV2y1lY58qWYvPKr7C7JQnDRwn3Nx2rGeU9ymf3KCKWdwYxafokcBEsmS5GzXgG6Ryn/AIlqRjtHpp9B1p+T4UEDKzcBXrzaw55ctNr9dv6h45Kka5nhdQn3BDz2lGp+piIcOVbi6DizCi4Re4jhDcDlGZ7YwVly8nK0qGWWUPbwFuIZwrVcTk5UulOHI5VGg60/P2UEDazNoV/UG1m4+6lmdYdud5Wiak5n8tInRmdMrxw+5TW6kY8qG7Wc3tPKfpEU8jppfuVc0RkEXUiBKi0qzK3LWqWtLBw8KJj5+1gJUWi2X+4YX93pm8tOVoI2MMDhyrLZoXZCla9zeoxRNfOcMUMDKzdrVqOoiu3a3ypZXzO3PUZ78pzg0h7So9ek6e1gUtyef3lNy/DVUiZB7vKE8Z9ybda3tUDn2X4b4VytG49F6iEGns2Bit2DIQGnhbJI2dRpUUsjHdQI6lI338qtbglPBwfwmGKuwuPGFqWpiAbG+VJI6V25/oDgoncoh9lXrxBveeVNF+n+YEzVp935TNXa7tkbhQNhnGWuUl9tLsi8q3qMkhDs8qlqgs/Jn8qeAtcA0KOBxiw5VaTfuFrdA7esz/ShNsOVJqcs0HRJ4T5DKdzvgHhQuDDyjK33BWbZk7E3tPCLSPPlRPcwpzy4ZCL+eVhwxI1abaFys158jhBm1im1GGoPyVquryWm4aeEO4J5LePhBW5F6idg5IW5xduanSOc7cfK6xwcquGuiyU/3qOBj6+QtO1H+znljlZ1rrM2gqa49SOyEHkeEXl3xY9I37FFKGk5+6+/Ccwjkps2BtRdyobjx25Ursvyuoi7J5RHH0Bn4AVuz5TvUIc+mfpZwsrJCLs+g9Q/AwPrZWQsII/5IeEEfj//xAAvEQABAwMDAwIEBgMAAAAAAAABAAIDBBESBSExEyJBEDIgIzBCFBUzUWGBQJGx/9oACAECAQE/AfoVlZh2M3d/xT1H2M/tU0DpHYM/sqmpmU7bej90B9WtrREMGe5STuPazzyqelMhwb/ZUTYKJtnFTanDGbFRSiZmQ9OFLqcET8CVFURyi7T9KurRTjFvKkmMjv5VLAZXYs/2vxEkMvR9oClk60heXKOQOdk8rS6xod078+mp6iKdvTZynEuNymSyRm7CtO1My9knKDsvj1CvEAwbypZi878qkp3zusOFSUradmy1iMsmz/dfahwoJDFIHqXV444dvcpHmZ2ZWyP8KgiwdkeVBUNj95UcrJd2n4dR1AU4wbypJXvN3o3abqCSWM/LKo9TlJxkWqnrDJSTBzgwKlEThi4KamiZwmdAmwF1YA2T39NR97rp1Q5uzUMye4oTy078oz8GoagKZuLeVI90hzci7MJkmPaVG4RHIp1XGe5idUuqTzYJkdODuVUStB+Uo5ZCbOUELgMlHunUxljLgU27dkOdymsB5KcGt4PrqOotpW4DlTTlxydytMt0S6Qco0dGN3KempT+mVbDsKmjPtaqOia6PflTUvRPesY/sQDA7dZ/sqQtzsVBAemU+lZchycB4RilebMCj0qZ3pqNe2kbiPcVNKXuzlNyqHT3Vbs5FWz9OQwRnYJjs+ViPBVrcoFpduqaDEh7TsVXUoOyfQujmtdVNMKiDqR8qKNxADkKOxuoKqWAlgdYFP6DYbA3KNmqmrOlyoq1kvGy1DUGUjMfuU0znO6su5Wm6Y+qd1JVHEyFtm8LVKMX/EM4TZMV1HOGyjZM7wjG/wAhMrXBjY2+E+sfMe9RMhe7vKjgia20SqNPLG2DhZTysxsHKZjJDynxvhYP2Ubgdimlt8SshFyppnE9WTdxWm6a6pd1JVHG2MWap7mMiybG4/LeNl+UgPu8qOnjj9oRba5Klly2HHo0LMMVLK7HqBTzSVDruKhADSbLMPfiU4D2eE+hD92J8UsfITA6V+IWm6W6d3VmTIxGLN9HtuLIR4qVtzdPLr7L9XsUmkwhlybI6Y4DKJ1wnPkh2cFT0j5xm9U9OACCqqlczuZwoZe3dZXdcKR5utMnF+k7ynQA7BRUTI5Mk1oYLD1Kce4pxyCA8FRQY9yk3G/C6jQbN4UjGvFwo247LDZOx3B8qogMElvCbu6yZSueqGjET+4bp7bbpjBJ3fAUWBdE3QhHlVLBjiDZSNbgGPQhZ0sPCip2giykuH2Q9incQ+4VTTOqWB7VT0xY67ghEOQot3XTgCg34bWQV1URCUC6qIOrYt8LcNsVDICdk5lygw2VXSZDIKnZ8qydHvdBu2Sad/oWurIi6tZOLnmxVsTsmDb0KPanu3TUGb/S5Vlg1NYAbq6urpwyCEHdug0N+qVa3of8E+hR+h//xABHEAABAwIDBQMJBQUGBgMBAAABAAIDESEEEjETIkFRYQUycRAUICNCUoGRoWKxwdHwMDNA4fEVQ1Nyc4IkNGOSorIGUIPC/9oACAEBAAY/Av2dE7B4A58S4a8Gp000rnudq4+gIMM251KG71c7mv7P7Ou4mlkcViXEvPEoxxOFaIuc8/NGfA4nJXUapsPakezd7zTqs2GxLXA/aWv1WqqsoWiH8HV2idgeyX72j5Kd3+aOZ1XG5PP0BBA2vPkOqrltq5x9pf2f2f3jZecT1MhuStjCaGiL3vPgsx8n81mgncPismMLj1WaOUFU8mn8GZZXBrW6ko4Ts9xZFo6Ti7oqegMPCKn6DqgKUGr3nihgOzqkm1kZ5ruddzkYIHAHmEXvd4BZiVXyajy7jqFA5s7RzQbjG7P7QWfCTtk8FQfwLp8S8Na1bJhLMMNGjV3iuHoNw8Aq76Dqq5baucfaXmOA1NgAtvPQyHvOOgRwuHcBTii5zz4LJBE+R59lrarNOGYZv/UN/kmzYntd9+DI6JrW4aSY/bfWqEmDhDIJRloPZeF4rTy1t1Kb2hNi58NhfYyOo9/8k1ufage8alBrqxPPNerdm/bF8jqv9lg4raYh1vZZXu+iMPhxUn6dV0F3nmvMMC2rjZGecgud3ieCOGw5pQLzt9IYX6Ofx+CY3ERnEv4mQ2+SdDgcLFAOOzbSq5t1Kay2Vui2lqV1KxMEDRm7zSOYRDxRwN/H0BJM3LhITWV50d9lNaw7oFAOSu0kj6LuXQyUpxXnEsTns45dQs2CxsUleA1/Z+b4UtlxPLg1GaeXO93E8PREEDbnjwHVdNXu5oYDACrjyXnGIdmeRvPWww5p1RLnElygeabSH1bx9y20bG3sa8ETSv5r1bPWGxK8eq2ceW9jdZbUUnbfZrCWNd/xMfIcHha1/HybBm7G28r/AHW/mosPCykUQo2gVRuk8lQkGioGld1V2njRbI4dl3OLqNpVSS9n4mLHxNd/y8ppIBya7n4owvkOGnaaOZKKEHkg+F4eDxB9LM80an4Lsk/ZdMdB4dU45iSdSdT6IghFS75Dqrj/ADO95DAYDvHkjNM6rj3ncvBbCClGouLqoucsNi2tGeRzpX24VWXgrWr5fFWRgmb6uRpYRzrqsX2e2uzZIXRf6Z0TcDhzQayPPsM/NMweGIDW33blx5okMKqxjSSt3JWvLRarvlbOO5KG0fV2uQKfBHdkgyuNeT60WG7XwrCH42u2I7ufhfnSqHm2NfT3ShH2xh+mdvoOnxUmSMao4fDViwvjd/5Kg09EMiFSf1VVLbe0TxXmmBuXWC2s2883e8/ctlC6iLybeUYKTvw1iP3hC16Kh8gWVWpXxCbIGkZSsKMPIYpowGyyc2fmFsMHFs2cfePiVpSqvcIWNrrdaetlSnzTWUaHusE1jW31Lk9zic2gTzC+s2KtT3sv9U7s7GwiRr4+6eB5+KMmHri4W+5XO34K/l2uJdvnuMGpW0xTt0dyId0dVf0RHG2pKqfieaGEwQubBZnUdM7vOK9ZpyRaYGSMdfI4Ih+FOHcaZTE7L9NFtOye0M592UUr8QgO0sE6KvddWrT8Qh2vH2hnkkeKxMdui/Hqnimu8Fn4pr4aAi5rRF+NmhY46WoQs+Ex7LH2m5lXzRsnWJ1TX43QIgds2uyvEhyj5O1QxEc8MRHDKT+KriMW7M42DAnb9Q0kVQmyNYwDec5VjnDm6WjonvkvSw8VeS9bo4h1yLBOI+5euc5mbpdUiiAPvAXWc6Ditq23HS4TpzXCTlveiAyudzIP9Vp807DYLLNiOJ9lninYieUySO9px9IQQt3jxpYdV/7OPFeZYK7jotoTmkd3nLM12V/BZZB8kHUqTotm519R0W+92z4O6rYvYXsaKOqLHonP7PDMC/NX1fcLuoTfPY25hu526dFlc/K3hRbgJ6lUWauUc13ia802ptoqMKl80LBK7dBeU3D42J7Ws3uYcmRt0W0kBPJZtoYQ0WbWleqI89lf71Y6BbCGry91sqG1maXcxoF3yqtlIpa2qDHSvt1Tss8rTyLrKxDgnQdmPMOG0MujneCIa70tlEMziqup9peaYO7jbp4ognNK/vOKoQruWxtmFx0RYdShfecaN/NEZqD7kYZBTgaDvHRRROIa1ozvPIDgnSuG66/8kQ86HRZhhyA69TZFzyxtFk5KpOiefs1CqrnTkU9wNqFCcyX0onYZ4c6umXgea3Huc6lC6q3dSixtua4qv3o0fYqtM7ctddFna7cPFUJuF09IRRMOY28OqzPpzLua81wYq53Dl1QLql8neeq6LLJ81lF+qLuaDXUD26Hn0WymaaiyrWi2rtxzG3oVkjDsv2jqmefTNLnXy9PBeq3R0jojs3V6u4KpdWnNHJVBOv7KL5P3bbf5jyQYGhobyTotSTz52T8IyWkkZLQqOdmkJT96xcVWtdNeK9XU16IslzNIHtWW5EHAdao0iiP+1esw0YcNN1Vkw0TvBmizxR7OvDyaeW4QaxqzECvF3HwQwmEu8/IdUK7z3d53ErCzYDHnDOhzNcKZmPaeBCL45tV6zELNDJnWV274qrbHmFmdYhZeK2ZIugXUJLrcU6XM81PFyrGfhVHE57NNMvvfyQjZDtJXDMR7oX7r6gLMQ1vxRbRtxzQjHsrVNxDT3dfBMxDa5J2njxGv0onyEknKg+vNQF5rt4g8HMOPRNjZvU9pwvVaOeVVpoXWIrwVDT4Ld8mvoZigGDVZ3FDB4MZnO+XiiXOq53edzUeFhkLCeLeAC71ufNVqAeVrpr43Fx4tF16jCu8SVlmwevVZomPj6Km015otNHfgnwvmbLm1Yi9pDaClLmy352saBXMUCzUXFVkAkhkvW/HnTiFs5auc81c/31QfBHNLU6EBBpzNpxorLVbBl/etwTox/wAxEdpEK0zcx8vwT9nBI/dzHcPd5+CqdE/CSxbWGlTX2D48E+OKesIduv0zhCPZ0HjdXp0Rk0aOqDMwv1QiGaZ9NGox4mFxkDDx48FYLdC3gmxNZVzlnkdUheaYMVe76dVmcavPfceKLGOU3aWKac+XJEOSqT4BdxXHWiq0ceqDK1KpLDHqjRzxTnpfqi4V3f1VGWHK6+Z4yiviv+JkYByBqtvHia/ZLlFBWm0eG/NWaXFvyPx5rKCQDcglbKR+UOqN11x1HVYiCN7i1shAJN7FN36ubQLNmJobraySDowanx6Ikv3fdqsxceVa6BNY6r2OtvOrVHHTziTAXdHHWjnO909PBNwGFDYmvOjRQUTCDoFQBBzzQHjXQc1RuNLOWZub+qkkyDEMdxidR1PAoh26K3bq4osjwlSTXM4DVaLur1hW0eKfkvNMI25+nUoucauPfceK2cZ40/XVf2h2gPWeww8ORKZKY6GYl48OCsu8fDRbj/oKo0yuPgt+Etoa2WZppyofojtHOFuoVqEjnqi2vsrZl1nd01TrEEWJWGYLkPz/ACFf/wCVLin0OV5Ywdda/BSa1zinLTRZRWSSoFq/LxQxPZ4Jtvwl3rPkdUGknkUznI5x+GiY+O7ctj5Ps81kRecRKXhuVl9wD8FNjPPY/VN/dujpYckN7JbiVmdvt6KgqPd/NXseXNVFai+mic3EQRyVHu3CrgQcQw2ymgePz8hnkko1uq2stGxt0CGCwYqXfIdSi5zqvd33nitlFqbDLqeiOP7RIdiPYjIsz8yo8C/ECGOWRsb5j7AJo53yUZwDRsoIxGAPdGi3irOQeG8KUKIEVOvHwC/dG+uZVsixxqEfl5GxYWEue/da371kc1mnApz8Q2hO606gCtz+CkAZLFWR7mAssTmNKo4jE91uv2ieSkxeJflofWV58lFt8K+sR9W5hGb68FPjqBpcTJY295CbAyNM0LcjoHOFac2rzXGSRv1yCN1S3mCjCyTaAgEcwOTlcH5LLf8A3LT4UWUf3xaacw1Dd/ktMx0A5dUZ2t3W96lLotLXC4Ir4a1QcLR2DLan8VmrqeSdmIqdTT8Ub1W0n3Y26BDCYIDM75Ac0STvO77zxK2EVye7TiUcZi3Z8Se6OEY6dUWg2HVYHCTML4pcQzaj/p13vhSq2DMmwp6oD3RoFtGDcf8Aes3Pqsocacqrj81QBCkapI75BOjzCvDqg0EXsszGjaPFC5fu3O6L22kcxZZhhonHQF3D6p82NG1e2gZX2fBZjKQRcClgszPWf5dVsK7x3nfkmvhlexzbgtNCFXLF/ruja13z4rPicacx1o2pKqyQgc9aqga7xqrFzXc6pkmMw0hhb/esuAP6q7a9aq4og1tcvJZ47Zqjw/X4IseRVrbF96fqiytfTLTO7NrXgsrP934rNiHb3FeZYO5P0HNVzVe7vPPFGKI3W2moZDz4BWKusZjMsg2EORjgN0lxuD1osjHVy/QcE7DvkzSip+qyZCcu6gyi2jt+i2xy2tUotYXlpsWgcVs48gQkkeXHhTgquWWma/EqhyjoFV8n/c5fuzTiRoqMjIHs7pv8Uay3uSPgEXteSmYWEtBce+eH65LuZ3+/J+XBVyVWWcaCoKrs8wpudVmfY+5moPE81RhaP9tqJzZA0tAply6g8+afisM3Nhvab7l9QOSIaQxyzMoR4arJO00RMRp0KyyHd0oiei81wYq8/IDmq2Lzq/mUWMcQi83cqk+SyHZD8uwxb8286mVwH9Au0IMd2f5kYC0Nbc73ibJ7ydxzbqWzdKhxWcb0juHFXZlrooyHkZDWXK7XpdSPlxEbDXuOdSqEGGcx2bWpo0fzQJmDjzVahBu1ynlYVQpfxK3ZKEVvb5IHlxseC337O3trK24RqdLrK13eWzm74+oW62mXXw5rZ9K3pYfrimAOLrfojmraE8k3jQkrbNcHnjltlRa6m9cig0/mvO8HbCT6Np3DxamtksznVGX93xrZCVm8w3zAoiR28NCto+l7eK3nVee+73ijFG5ZpD5LKpXcUQmnfA3MKysIzM6rMyUyEMG841Lv6o7nebe6dCGjmSeXJMa/NI2Nx3Mx3uQ8FvzumxDzTINGDkiZmxvbm0e0FZxhW71qga/BMlnwgpCa0yCtR+go8c3cbM3M1smtFVpY7wVHxmngqAmv0W/JU+9Qfkquke7xd+SdDC1rGq+qyEZq9E7NTgMp/wC5DGYRrso4O7w6+C2jTfoqNG4emh/NDZg0y0p1VLjnXU9EWx0Ljwdy8V+8r4E0W7GCpMLKRvto37LuB/XJGGZpzRnK7mg1zxTN3Xe0ORT9t3Q0kD8Ft4pAw1qWkVomtg3mRN16otaVtHG6pRXFlp5S2utvmmdqiCkbGNe4dGa/O6GIw0lWSNDmOpqEZSAaXAOlUC0kSSGooeCLpMwlHvNPzCEOE9a/wWdrm56aEJmHmbk2lXOFaZqNNgh2H/8AG8BhpocG7Z4mSVjsjSDpqKZdPFBxjBqO7y6J2H2Za5jcxOW3h4oiKzma0bp8FniOdpuCCt9txzWRhrxTnN9mioW7rrKGWTEPiEdKmPU8KdPyUbIKE5aUom4xjMrHWkb7p5oRyGrTZWceHd4XW8foj+rKlqeHkrRM7RAo7MI5Oo4ErKyThxTWuzNdWxaFZuWt6cui9X8VV7gwcMy37qvo8VG3I2r2GR1q5idQo8g7ooKClGrzd0L8ThMQ0GKQCmzfWhaTS+gN06eWVxkfqcuic4P2g1PC6a/XKRZMEIrmADq6BTdp4/dzENgMgyhzKVMjf1zW80n2qfiqCTL1WVpre/VSvFaVygFGOZlA/W+nVPglfZd2lNPFZi4CPiSnmGN2Xmiwnf8ArRbOhYcPQ2tRhtr4p2GnOam463A8UYXizNP8q4LiKcfLays3NT71HhTO0QSMz7Ntr/aXiraFOg6WNKrM3QUY4lV49FlzfK6qTkPMafFXv6FTRYrs+XEOyTDPGx2hPtfRFjvgU+OK7yLUNKp+2O8OFFi54gZs4DGngw8figHEER2sPvUXZmH/AHZNXmuWwua9PvqmNEbcsYoy2gRbQhqqZA5tahRxMYXGclriLZRQ8OKfVgcHb4/mjR4czJWvtVUvtZWW+RXm7ON3GvBAsvurKAFtW94lCAylu2tRpP6+KHZ+Ikdya8t1Avcps8gBkb8y1P5sNCrI3urVfzPAIkPqn4eAua9u96xtnCtDRQPOJBc3NG6Pizj9aq41WU3ZxWZr3dHDUIsbfdA8U6XsqUxu/wAJ5FPg5bLFwOiPCost00WtPC4W9bqLhV8lCosaYBMI61b+IPArPhcNiDij3Yng/OvFQYyRpG0jD3VtQ0Urn5mPa0bMtJ73gjDtS5sj8+Wt6qWbZho471aUtVN9TuxQSvc5rqZbUDvw+KJAA9kVPHkmbbX7PBbJz8jdajijgoZzh3d6Klmh1dTxunYLtlok2Z9TKJM+ZvunjZPjmMbe9leKupyt40UjZJIpmyUhG9cE8egVC7Mei6p+TU2QY+lGnVNfSp/BNmjIFOqfFK6kkFePslPYYyGPr9FVm8TfwWyzZ6XLP1qs+zyuBswnXkEJXyFkpFSym6jiRHWZ2YFxOgqppy2I4lrAGTAkFtPDyWF/BGJg16aINkeT4+Qw4iFkrPdc2oW07MnIJ/upPwIWyxcBjd1Fiqj71xbX9aFF3/kLj48lXyQYuVry2N1w00stj2fFLITxk3QE18hlDpMuc0O749EwdnOexjGkZvevwRqakoQ+bulONgdh90gZbh2a/Rq9Wd4jdNE0SEVouUld0PUEXZ+JZhIMm/JtA2jq3qDd1tAEw4p5ztZvyGxPM0TjAMzaIdoY2QOZnyRQCtPitrJq++qznSicVu3uo3j3eKrtzrWlAoJmA1c6jh7JZ7VVvOoHatZovWgCmgYnv3KEWPFOMrRbeHimXvSikiiZUmyySTPYfZFQGtdzPEp0TtWGhVapzoMpceBRbiAAQLO9DYzxNew8HBF/ZcuU/wCFJp8CthjIXRO5OGqzt3TzBovWsP8AmZb6cVnj9awalmo8RwVR5a08mGkgYHCFkj5a8I8tD/7ISRHvUq0uV9U0ygOAdVtRW/NBzq1rWydHSmdpb805+FkkbiJDmJB1Kw5xsUjCXOAzmoNlYUpVHM+oRJNaohpp0Wwf8wUC3Ieahl4ZXh1udFsi6oLLdFT4eK2Zc0lh0/FVc4DgD7y2MbhXump0PNPGrzq5DWubRTCRtHZyfJuOIVT6RhxMDZWciEZOyp6E/wB3Kfucjh8ZA+F44OGqzRktdzBuiJoRn/xmWd4U0K2kZ2sfNvD4cPQEcw/52E4drvddUOH/AK0+IW9QI8bLK8W8aXQgdNGJaWiLhmP+1Fz3hmQZroSuBdtczi6taDVecy0bho2F29956qR8ApG9xLG8gqOK9XSqpkqPFB8FWilC06EqEvie+wJ5geCw2KwzTJG57myFnsgg6/FCV7qNJjbYe9b4p7Td3HkhXKKcKap0zHG1ABeiimpQuGlUC6Vpq75J8jyKAmhT5Y7igvz/AGGi0Wi2GLw7JY+Tgtr2RPQ67GQ6+DlsMdh3QScA8C6Dm1aeYNCvXR399mvxHFF8Tw9vMN0/JVWEmnn2EcczXulod2l+Hy+KjxLHh8c4q14Peqs3y6KponY9uMxLGvkEr2buv+obhUil3Q7epvZjy6r/AI7BiH3XF1yOWVOL8zoWbzBtLA04tRkFKDVbrdETz8uyfFTYgbwPM0TWVBDwXadEzB4SSFmTLK6R+bUaC3xT3YaMGbqcqDe0ZWnFyVccoWyLRlkFKJsbSGtaKNvwWWuqe7ES7lNOidk7tbeH7UwYqJssZ9lwRk7Jnyn/AAZTb4ELzfG4d8L9d7ig5jqEcQt9v+5n4goyNpu3zR3/AKLbYWSra1dC68b9fw+qZjou0I2RVGbNIBRx9kr+z/OGSStY55yuzZWdeSMro61/VEyRjKZDZPYxji4XI0+9Na6oab0pqpcPkA33Mt0PoiWGRzHDiCvM8Vi3wbN4/du3ng/WngnyQMIcTclxNVohI+lrVK2hNGC2qc/LusB3q2H5KOIk53A0qmQl4OXeIHD+AMOKgZNGeDx9yMnZE2n9zLx8HLYY3Dvhk4B41WZji13MGipiGa+238RxWePJKBxA0+HBDEYOQxPabOaVsO1u/wAJ2MP/AJD8ltYu0I5I373f4oSRvBBJGYc+S89wuNbIzHAjZOaaMLaCyLnmpdc+lBjo2ZnQuBppXmE7EYeopQPY8UoaV14raGtToE+Sd9dmN3NoxPa17S51rH+F2OKhbLGeDgjJ2ROP9GX8HfmthjMM+F/KQUr+azNcWkcQaKk8dftMs75cVXDuEzfsWI8Qrtb8lnwszoqEO3XWr4cUZ8diHSyaVd+X7B8myEkUoG0bo61cpaVTD4SOKPq4ue748FR9Gs91voaLT0NFp+22OLw0c7OTx9yMvZGIv/gy0+jl5vjMO6GTXK/iszSWu5g0d816+Kv24xR/81WFwlHIajxVmqh8lSNFe37K49LT+AMGKhbNGfZcFtOypqc4pTY+BC2GLw74ncnjVdQvWtMh4PbZwVDR46WePgdVtcM4TNGuXUfBX/8Ao/8A9PKPFR/5E/xP3/wH/8QAKRABAAICAQQBBAIDAQEAAAAAAQARITFBUWFxgZEQobHB0fAgMOFA8f/aAAgBAQABPyH6c/6bgEGZPV5l7Ke8ZwFVFRArMYv0HRGKobHOEav5Sm4EPFKRjtcyKl11RczoqUSWwGlxFKxIuj9IwpaVM/MtLL5lScQsLlK9CVy7Mof+BFiHPaCteljsIbkZacp5fpGGYdZl9k7Vh6pbhNU26wqVo0DrHj5Z8do2CcI5DrqnDeVl1B84GArE6QLIKFd+5yjtXAA/eM0pdQwwQwSxKh/4MzsuB4jeXPzIe4zlZepRxGC8SxG1bw9UpKp5xTMIKHKVMK6I7TRCDo7xFFLfVira4jZiYUy4ozobircs3JXB9zEKrMxwkIAqvLMSqMqQesGH0P8AUG0Mid0uXxEa/wCRi37X6jcgDtKNfSBiWwRbeGtoVqKnKJiAJ9w7xFRe9YeCUii2OZmHbTjCuqkEziwga1Q0rdrZcgNYhld0S4PCdCMnxC+6oy9MJA3WIGyIFihlNV37xXIiiJ9TVxUC5PcOPiIuRjtqDWJvC3+oDDCV1WrK7xwqlup/W/cz2tsKxZggSdt4PVMjKSzzgi16nbrL+RDjOhOpRRKwD1st4Y56gLgs8N56ZcTnSw+IbLoNvETxCw6Q5ZnB6O9M1pG8zXd99RuQALxbJ6cRb03NZjHEUwk4DzE2KsyqGiYfVBYrtemlYhUrULYukOFqGbrrBF4bK7hOt3B4Qf8AoCB3urYzadfcscYy+LwmVLd9/wDBOwhs4PVMXMsjn1l8HlG1ZlFmI2g6ETaCjqlkggIkdH1rPsCGJNrPRB8c8JGZwVnqy8vCmCzqlW8pK3lJ7mGrK5PsNepwOzN/l73GZrhx7E4h4oBZMcvlz7nGyVaq88xtkPRqVMNH6OnllYviV36jLl8FuR+8yKUMSc6LtXRRGCgIBNWhsKuEf8VVM32g7Dl+EvtQSrb2zvLPpEFU5yaeHqlvoNtyqMuo0HTK1Hz/AGftNJxGnpyHSORld+LgwrrstB9qlesAsKj5HbOUYFPMBG/HEcGs9EMoJv0VnAvqC+O+SY+hD1AgdIAHccgQTux6zmJ2uNxrB66cwUaUZVSFZVDmpiHxMzK6uCdeUGn2zA3mqwyH2qcQ7KR36EFNH+WtlTCTwGudv1Ag8c1vJUeZZqsB7scbcCKrYQtFWdNYeA6oWoBvbdzoycRYoPgTslWGOIxLktyocXP+1FK+xi/yTANBR8kQ6ru+8EyK7sxos6whDlKzWz7w1Yy6/UVhMGhstPc+8qaoHG4h2gVlZOkDSRwiWAVmOFcWxtFwrXTX3ldoOJ5gkQ+My28Ge+KlzAjvmgPtD7LWOeLxcSpKHm6NncL6VOnd33v6UEsKcO89obp2qrHqOsSsVfUr66BmMvdSkGM9i5g3W6Nv7iXJHo7xx6iL0ldDe9uYH4LWiGuEYbfdlMY01Xf9XMKJ40vBwLBJi7XIMPGKwuk8Z+8JPVCgoWJW30ZUmtkEV5gsv8ozFdO4PdB+KI1XWWfJ6REo8t03TpOMXDD3dsEa+vD2mGWsAH9sQLksr9zBPqsue39TOPifQTMibLaV3QDyB09GXTbZH3WHDzWH+Iqcva6eO8tr8HQv+khMWBp+Uyaplk3+90OwdOCZ0RDvK8kxJUrgSy2udD1QRYXl3He5XTPBxXMR/dy6ev1ARlGnMQsGrXSOhPrGo5FbRv3lBkzI3liY3yYMh6iAaZGuWHpb1XPqfvC6UCm1RUaTysS0Cmq58+IqY69tKzL4LNtXU4naYFma9T1Elp4ZUApYBrDEMdeBxENk6q7yceI0LpYDsblGawwcG2oaqP8AASxSiba4l7lglmOmisI6lXYyPJhOfUrJGBk1w6cS9AzavLy/MBMa+mSwLgDMGUx8Eo1lldWEx1BwOVKoGvlsMVFiYIXpOPMtTBkw/P7+5hxgBG+YAAYf+fQhBxNjtw1Fxmt8XOgVegxQo+UFsTtfmj7JVuHCybwVMPDjAPURRejmZxg1i+kDjcyqlZu6hQoPKwLURbwSgpSiA1zIdE19a/kJZcybQ5xFyeLdTMNrdt23+4WgNdnVN2AbZVPcHi5xENWjnVE90CWpMMHiE5foq4itpZ9mwSM/AUrkQIXEOA6p1NEG2OoRl8Xq4gWACRq1kdty4o+Ku5cRDHbtYtwY8TfLWq4ZYUUNZSDcpwWL4a8fiUxGYLtZiiB0EC1c5/CgH40PEuYrgmlt47To9vK1c7rwCYXxBodpXNsL0xgEBVrOmYPBVfmXhS2p7wL1UKHe4non7Q7ikYPUyzuLxeYw2kuozqS3xmVkVn7ktyDKjU6pB8fQX4nFkl96ruMQMWUROqdHqhWbdts7doqq9PdfU4lay15/vx2mAmHWFiSbIu3dgiWweNPzMMlVdXcylw1AYnIhcYlrhnHSNem5ckv+Ly5sQksRwWrOO6MwtE306Ol5hqrLwL8MMIOlf1KVHEvAjogCsZO8pTlKyLQ90QcoFcn9kEiS6o2S9rmeVZRgXheZlOZhgeJKgcoDqGFYBvfcS+CQjOLJ3iOHUpOk4lHYRRxL9FRnAl5Wm5XMqWzS8VVgdXiXVJaNX6TNYV3ZCMcccbt1ZlPY0/6IBSjC/omH+G2BkvQxdSubcw6N4ONeIdAccwfPZwo0QIjQ0PMgjdIE/BF7ktW/EH1pywZZ3DiHQ7pTCv8ABqu00Q69FwYO/uEMyrfCHmPZ1cwppceDZ4wYszXZTh5u55hopUoQcnUjRS1lXUsFwTAs2dc+ai5EjcDmv3AiFrelq56zncnCsS4XkOkpyzK+iXFlW1Z8xNV0C9vR9JOEze2dI25UdJSWCbDxAwsXseVHzD3yvSYy1aPxHMCQ7tu/UVaV69AYmdt3hicBlu6ekrvbV0VNmk5tr1K1AOTp81BC73TNysEKbLd4ceEIieE3MBvWZoKsCR67agu0XlfEztVt5BEuQuceTh0doqL40SZL2RwTiDIwLoKLYyxWG/ETtpoN0426Re7xph6mwQZKeBiI6lrAHY3jUTWAel/GLXsrmLbIU6fQMe+duZ01CZjL56xJEDhyMwmLIXAb6btuEx06X1cfqLaNX3C75mtDZSdFS0C8vDB6wh8EqvQ1A673sD8EYrn8p/HTtUzDLTXPiBV526hC+43ASFhe9t8VKy2WuIimZ0NP5lRYF5/EJQA5NoXyGJcmuBhnHfMZY0mBZ8O8ZNsaEo+Ny2dIEJ8JaTbzQ7zIh3AeoPBhWm5UJRr1Ui1icJY29T94wqFg6DBCGCcGQse0qEFtTF5r8CEUqwUlds8wFW6VfIBS6BChrRf3uDoKXKcGh8oBauS/UFgLZ5N+Vwjnab3bbryeZfU2CRYnOrmSlRjQax1TnamgXAvI5mCmEaLYsTYs003T+MwyBULluHrxGrswPB/3fuPyy+x+CDUzOR/jp2qLYun+C7wNa1mzTCnRqOfb39eMpYci1lAfYEoIJfEvO4yZl+mLtXqVyU0jCDiwOZVTtj4tmCG1U9YfSYa8fiYoq7BgvLxNxzsPmACoXLu3sr5wW9gEQlnivVSr+FQjnVQ5zUHMP7j/AE1ExzK1V4fBeIhamMK3CCI8SUY+Mt7rNhMBM7R4bs7wCuM1KVO9TE42kahnXb19TF0SuwywiFyNIYdfpiAVk7hwjqbHG1G9SFhZ0GsY9QClTkMBUUFVVHcmH9w04yAffCcx7DVzqkys0hRZ7CXF8mzLMMfs9DFXd5NzhQ9ywev5g1JFvSX6YzBYDQCofRBAzhOBmBazKq9l5+8so79SLsOUG7bywjQeeJSjzrd7l4FfCoXAWy7xAl1dmQZTVOe8u9d414lO3sDnyKeu1RGRVOK+zpGT1YYC1clz+E30IX8fCp9qoBymoeObB9n34LA5C3cd2XMzsG2X8uk34WCmhGhp5ikVeQHfaFCmmKb95wATpdy2dGVl1/EQMkIPU7H7xuTNu+0QaI2rbO1b5jlgopGnP7XMhO3hBIOUPHURenmbLh7cKg62I/SmXFGDrUScs9dwyqDnNh8EBZyPXB+0CbdXkVR21KcXpqK4C8OyGBvghFuFQNq+AldD6A5YrtURLRixtgKObfmnPJ4OIx28VVfbMOrXXlbfbmLubO5UDvu1hHAWMjJ8dSkYhQN3k3CBpoeYQ7o6R0i0lfFF5OkMYTOUuGJwovDz9ql8JxXkucfMGU+J+5/XEHxItqi7GNu2gsYnh7S0Pbd/ML/GuJ1ERMjMZ8uoDtN+MEOVfW9l+xQWfQQS1FXVchdjUtxEtt83rp2qXxGqnLQVEnYnXcWx3OTFPWYeYXCSjJbPgZxCqM3b0IdfKumdpkgDA49pQjBouM8ZgYQwAlSj2dI5bCkCzbV7jHOwtk+/RCPV5Myrsd9/abEmj9puJuC4NHiAUHBTbXVBSFcseBrpKZ13FfmHLas1rUW8Vzdo1CNh6QIOu5WUDehqGelO7Bos8j4RLNJbaK7nLr2l4VaWJjGOzs7Muy2Ac7r4hXFSrwexuXehMLR1XcDs+0C/k+ZWFcoVjxBUxNNMdxleGEFTChghu4l80Yq5Gam9BFP6YjlJuiZL88yhqGIJii+0rHbrB4U6nRN95aKbq0cbPb3MQmp6DcRKyIVtoyrmsdmiqbszeqvB0y+hR6iEeHpDvKwLejLGDDsVAV9KDZy942vVDVausaydq+kQaZHqe5uvfCFFpOFh8qF6/wCHQegfeUlOl4z8Qyl3CziJtB4ixqqvxaHqY3rsK6g8rgzT1Tk9Y5qi7v1vZuZK0KtX+F9Ym62hTKr2rExopuwDwZJkItx8XctNlysHSGQL6AecwIikHRHpA6BgFF0AQXSWgCjOIzh0hlwxhFCyVaz+5j30w4mXiywyENDJQYTX1UxYlTZHDrpMYWnlWKf01Lgv1S/TUff/ADB5jsttVRwh7Gd5OIneIHahlFR3zEXjBZ6S48s2QsDkaqYapagDYCrDahqBLCdsfLONZziAo5y+TVGGRXZfe8pTJ1AGUqj4ktRItJqNjSPfrL0jZdW5joYKcWaHlQ3APsROK9p4E+P7PzAAZoeSJQC0tXsrHiojY8WzzjiVanFWua8oZoWagejxLcUtmQaiFHKPg9QrXAbXcp7Qaxf+6jWlaJvz6NkZbRF9cRM1clVArmqM8MUpggFAX8QpjB4h2wlTk0yUVost8zPNR/qZiOACLEsBUoLTwUtRH3MTmIHZXfBBsK4MTh5xEVqoRjl4iLVlY3WtvIBcFgm/sghyNh4IfLAjT/DXqAmS31EHmebN8/8Aky9gwDgHcddXNg1st7mC8XAVY6z4SVEEhyvSOLe8rmvcqHz6xSRvSVTXRhl7g+4uW0scHScDEVZERcPD7VCVEAUV3j+QwniU7wlru5nSSteAu4pwG5CGm3ORrtUFcmFnFVHmeKIMg4ljXHqFIaw2LdNe4YkQ8/tEaQJnT8cTFSg6OBroOpqY4g9fo0SxW+M8RU0tSg/8JVsv2Jh+gGW/cDGObnjDA1/K74EOLfr0/wA4OVKZUVI+g47EfJNqhaA4O3GuIN2USvcyWHkbjSyC6i9MeoHlbx1H3lxHGCsma7BiXfmp2mD7VGzjTo0ciRjoXFOUbvnGJtLIzqFEzoIrXSLfNtQvM26qh6BOVofQ4/vabtZLum4Ap0X9oMn3wYNSqSnvhgRC53eHpNbzgPFLPB8Q3DNiJ2PH4og/8EQWdd0i5UoW5Op24hlDe/ynb83GuWji7cE4ezSt4eZvsnf8zCqP7q4juOehs8dIxQWOm7mm+llIUStVcAKPzhhZxdBHu+5K5Y8w8rlUtsXyj/EkyFFYvPeKKSgDN2PiEAMeTi+Skb9TSZInGqwa5KltwI9+KfaDvzsWZaMi2jW4SC1s1ZF7Cl1UpD6GsHCam7NcwYG93SI2eA1OYTb/AHx07RE7pXAobaI5QhQbYhC/LAbxgQGrVGxH7Zcsxe4JFRpxDO0LAu/UW3Vjkf7IAg49lZtl/SsCouJbd4yKwra7TMQWsdukVtoZt6ZWnqxMIOB27lkUlcNo79mPXKAae2l7j4sMAYOibjz8vOV+pTHqECnzu9QwhZjL6TFQETqafoJQc35RV94Z/wB1c3WvU3Ijds3bm0wEfinN8OIoyzbfWYzQuYldAtzF6gpUXrG80cNL2mkpOsX/APLhCzcuQtzQoEbNFVuGzgreJgDTLVp25jAvR6KL231mUry8nwZ6E4paCHNFzeFE2SklUBRfwQ5h7xE43KES/wAEYq5W4HOfmBdjE4Dj7VDAUGD72HmUou0tiX6JI9R7kWv7gWtq7SByahml0u41BB5nEXeBblrwTIdwFPivronG4wFmbx66SlRM7F24/E5/yYXgygsjrAeXmEVlf/ZADHuXEN1onZuV00TFn1AVVlhyjvLNUWPdY+SWlsWCaz8/ucFlbu6uWvDlc6HStep1oPW78yxWHw4DR92ZUyieniKkDsoGmBrNCumZWbeUsw2Px8sxm6qL3DzKBhMjc/EpCiAdUA1VAidZlaDqHuiq9P01PcA6xiOCuxi6SZJ6l05gQIort4jPLIPdv9/S8yu6aityPX6iyzlHhNvKrx0lnJhR9fojwSrT8HxLEKNVT46ktWJEFIP6jERg3cvko8/m4LahWeVqf86PyQxzRQBquIbXThwQWxyKr6fMpNh8GtmZ2xL18MevWzzGHzNbgA2IX3Bg7VA3HB18E6IMW1sXO4CMl0pKxuWrtPEJbGM1s1zIts+bJHwEdeAZW8dnd9FFGaGGDshThqK9u4xLz7SXdL9oDUyVuDYK8PMcyy3sAR2/Un11eD6gDHJgs6u50m9GVGTxsnuYPhfxCmGFs8Gk+Hkmgx8dQcYFvK8iLaKR5G4k3NklmDnmtIWqnBort011szmM2ROrMoDQpumlM5DL5mTBFV3vHJdf4lomIR6Ln3mZYDgLOFyxFPxmCddh9y+ljEHfMwAuV2tTvav6FuLA6sJYguY2YHqW6gGCSNvLbjO3nB87FMDo5w5mJjuFYs4xLslysLZb9ocw5dAxEVbcSjVeNtc/vCTdlj8sfVFmf0BA/wAAwLdzAljI+OkoVBm06d8eGWwAoErwSVNdLcS/Z3a2v3nqWgkbFPIwOv8AartWs4eEL59RrCrW7uOQQkAFBYxlrtDDkjd7si2PGJsjZDyKv729QWP2Ndmb8zBQiNKUj9C8yR8DXhRKsHQ0WReoZgMo7mNY3nVEfmlef3GVGuVrxF6ChyYkbfENywbXe3j+4ggsOjV1+vvPiVC004uP+CV9GO/okDaYbsZ1fpAw1y3fgHuUcEvAeDDqBDAeXmZ2roNJDfPsr6O8NYjh/Mx7G5gJnTn3BYcmiuHOfUKbrsWOG0yVOiHZti7eO8tSyy9rOxUOuZJmzJCZZVULhHjC5mM/ce8r8kE1HHRvEwKKW9DXvPuEjGkl6W9dzKL+8cNSoFtS5lImn1dR19Hf04+qX9PRrmdXc6RgPytV9tXqMyur8yii6h4Dycwq1adXRJu8Q3l1YvaHEWgkHFvEK42CAHgYIWhhCTGNcfWHCpbkv6hawcUWUQfk6zHgN3XmYFzaEYvC7QgzVj3KIrh+j9Hcf8jnH0lTz1Fd+iUaxkoZrX6fUwgOgBbsm5R0rVzx+sEl3tbya82ZXyh9icRyt1bxU1iqnRQiBRnA6escYjTEINfQqmkyi4CYcMGCMLWCoTdl/RVZjmv8Dv8A0GDE6xahXc6RmvWy07Gt7i9XaCV4JDM5Ew8xpP8A2QXMBr5DT+manBHRV5lqIdUDcvJzxo1OqaQZlmK49VTDP0LuV9ek1+u7+rv6H0fo7juMZpNfhOXljtn4U+y/j6baI/R3+raapvhNJr/gf//aAAwDAQACAAMAAAAQAwAAAEgwpDYiOPSn8MQ8EAAEUE8mZ12A0n6EZeU8AEYs882MJPIEr+RdwE/wEYksUqNNY3dwGUm7b3/mwMAc2/p6P2f68NqrQIOLwIwWKbKf5gTwiQ0O88cMcwshoLBqcht2F1NaDg1Vgv8AMxEQ0b5ZEEMN5FwODT6KXuibzSyWTPLhLIO2JSx9XiwaapZBfkSxS/GHLd+ZdVneBq+MRDS3VI66UFnvqi3mK/Hfs8VcQYCgHeqs7Bzja2OCfDsaJ7YkfXFGqhgcZKNJct3OVqcd3FOLDOOHk7065JFD31m+bPKJCNDLMbNPB/bdQbTHPrHPMPAPMAPWw07/AD774pICBxyDzxzxyL2L/wB+/i++/8QAKREBAAICAgECBQUBAQAAAAAAAQARITFBUWEQcSAwgcHRkaGx4fBA8f/aAAgBAwEBPxD5Fy9OvLqIGAX/ABRb4h/6MVvBr03mzFtv5gO2nXl1DAUP7feJ4meg4X8R8siGtwNr4m6RV3wwepbA5gDArEXSgcwb1n5IoKPPfgh4P8D6wLqg+h5YOIHJ4vUvGuC/eDy3v67hHjVfcy7KZoNqO2W3Y/3iM9TE+QdeIlY+NGPQ8foh8sAeD+4Q4GR1G6uLlbr1lbAioeMkz+kUHN+8OcBA0rEqpoFwiwDT5lL1x4BTv4afkQmWQwdf3ED/AM8SvvGoiwGX+oSigSLaYafB6AaxTl/eDNPL8QuSDoIJdA+1/pLIiTOIckaUWrFVLtgYLPvr4A+tz34jgKeD/cy8uVuLW07Ja0C5PuRlCw+iXWRqvCM92W2XTSAne4tNnMa76ic5Eg8jDAt00Rc4wD796lfrO/EFhk0QXaARj7cqMXrAy4DtfiCO8jg7Qk4YaNIMQPcghRMIm5lYggK9hjmkmyMslc+gTAOe/EBjxqLV2aOoIfh01cAimrIgdg9TNpTD3HUyFGBS69DUxbIReZRlmTXEwxvMqbW1llwMpDL/AGdQsNNvfiFBrEWF8Yj5WJUrnj8SzBiN18zNBYysZRiNhdlfWPVGqjRwHDuMPuZReKEr8HzET7RMHJig8O4OC+z+ZzYIRCsRemepzCYVOkyIhuCwDW44u2FLbVlG8E1xl0NcS4dcod5MXMdFc/eUQlsizw5ykf55jvA8Tc2x0YeJRdxPtx1su4tuNSrfSXV3lFyJ4YZJrT2SosPTFtMy2+YlcDiLD5YHvxPbKxxqqLN0vcJsRbHEaUvsjbZLv4IG6xtbYGLUFPOCnNqMPG442RXsnfIzazC/YgovMVF4IhqWySu644mXcIwlbUDUXUXLAliVTh41Gu2dxtsqVDWrnKBJWOxfvHakSwl3culmZnd7+EmcqpeuEGoliYS4GDSmdBR0NTeLzCmIpGkC1RKa+PqnvHcNEogjWkreNeu8O3UW241j8k2wvmbBEAvptHcYXKR87+acfSzyQ1/ybf0Po/B//8QAKBEBAAICAgECBgMBAQAAAAAAAQARITFBURBhcSAwgcHR8JHh8bGh/9oACAECAQE/EPkMarP/AB3Gy1q5cr+CAOX/AAhoGaglRazPAoD5mxi2dHcdb1+o/wBEArl/wIbANQslrr2hed3llbTehp8GI3T8lbnfHXrN0VbeX+iWa9/+gl4mxmvSBjA1OPvUQc64AFDqJtiKN7lhCokQFsSx8fLXFzaznv8Aydw2X8QUbRv60qqMreFThhhdoi3etsLFyvvlttFkFuAPw/k7iptwkOmWqpcwFmf395lh0mwg3Nu0GvSLIANS8pviV6DEpna9/vU7XjG03mFsPn4Offjr1ivK3cw0vcEEaYTykSjkZl6ue5StiIuQiYRKt3KZVcQXJzBQMjMHhgHnS7OpzTahd6tU4mls1rBpyDzLLoqAxXLdb7RvpWcQEbRQppxKnl+8ReYh2Mmf38fWaZxBG9GbTL4U5dB16zJI5qCSoMntFoDZMW1k9CjSOcGOsTWwUEBdsX9oVOmcQHofz9Zz9M9jk1qD3/HXvKzsL2vd/wBxsxFhiYzJ/wBigZWjr1iZLdEoNRd1OBgzELacwpXuEpNiFU1wAKgzTOKrGv5iozLn8EPthocspIWvOEze/wBYcGU3XpDUW02tP76VOsWG4EQHB1LWcAlHKDNQP1St9oQ5Ap+pZFy8DqNVrigVFR7aW4Ds1LaWI1YNcPh5WFk5gYVQifVg8yauCApFirmoW1VKrDLntLbPYU9CQbW2zMsqJvQEss3iaUc1NfSS21twBSngJXVDr/Z/cMeedu3Km4qiDZfjWUF6QKJmdUNViEN0pdHcD9mPaYPaBWvEReCqK+bUwBE8aYKdDD9JW4JMg2fDTlltjUdnaE3TmDQv17g6ttwS1KmCaGXcupzQGbCAzBuRDodMsKm0gjjw+GO7ubRrCTQzFE5eUG52IYmR7lNU7AiUe5X6EvljMGw+JjZUxxNeNidTiIQJc5eF3KrHidpTTuahLQzWPkM6xZiLNsdCY48WcBEbaTHzHEflPibu/Mh4PmPg6JseJDwfB//EACgQAQACAgIDAAICAgMBAQAAAAEAESExQWFRcYGRobHBEPDR4fEgMP/aAAgBAQABPxD/ACd//gJVaWrdVVsbKZ0QRfaqT3FQktAS69AgdBMWGgKPW/u4CJqNQMm/xFAaK7l+cy2SIbVCrZ02fIVqKpxWLH1Z0pslcB8APktg6JqjR/zACkKvJMVSh+oTWLD9w3qtUALflY4jndRrz8QHa06wxxj1GTePBvTzO1B5TOGWrgXLquEKgD+2YL/u5fPKYDxBsvzDX/7P/wAlmClssnFTggtfbERNuzIXZ5pL7hNeIwI1Ld2jLmm/ay/k4+SiX1V0FX04OgiIKaNXQ1+YFgwfdy/BR8i8jWm1DL+Yftlr8Qv9RUrZKPGDES9R3XiFdg1RVAy8SkRKmB5qHg0Laa2/16CB4ratUzpJb61Vqu7zuY4VMwmaH9xIDIGI4DtlGOL/AJl3mGv8Gv8A83cD2qdihdQd5hZdGOm2Pk0JE23a2335iimiGvEFYlWLabCcrPaGoA3RoHavrx1UOxwjhAb65lQ5kbHKPRQ9jC09QLCf8r+3GBq41hv85+xMVKxbDQfgIZk3WfWI+qsXUxX6iZI3CCsmnEawMkHOdwaxDK0aDCbf+Izcjnqu/lQPsoKgWi17GWwqq7bW87lVRSGT7Hvy5lIBHeY7m3+XcNf/AFZWzzH6TVFasBONVHMAp40ekY0CqNQoo91vu4NHQMZmQsxvbMmXE5QXtBx8iHZZsllfV4OggvhipAf9oC1GOGt7QQexgoTyFS1PrKm0JmV8/wB/YKJ6TRmjAYNZhp1ZUseaLWM8YqCxCQHlkJfUokxdhUliC1PkJVXI2AOLAvlVloLJ+iz9IyiCF8sXRsceIJqK4jIMaDC1V7NfIchLMiUXpkJ6mWIGKAXTy5sPABxLmHLp2694fsD5HycEUa+3HBVmc/YZgl64Nt/4Nf8Ay7/wga0WD2LohjCP9xUFspPAqgPe3ajUCgKjfBzEV1K7JVlKssLO9nvOOqh2gTgnK+uDoIThfgq3+1xbADRWN+iq9x91/Hlxg+3+5Yj7JcqeW2zD0+uwYDiFqupmqc+AFXDivnm44xyy3uvzNXwrsVh/v7HCylYmhyZs9jPUhysZ5WvrVcR3oDKbhR7PiFlSTDLXF5fmUFEwMt8gaPTcoB9hbVRxQV3V8wcrQMVo6lpS8FpUxjwUI+41jBLOKHEZroJUFbSLzwBQexZeaICmW9PmWKeNzPMNA/y7/wA3gQZegKuASRuNxftpE9y87cOagroAHyUspNrsvmWU+Zqm31/Ue2Yu5We00eiDS8xfJ2vpwdBBJmdHay9c+oNLijSs/Aoexlf7fw4Uv5uFhdYwCD/cZ3T4gvyG/YFJFOqHD8X9iyNRuZQxFotkyU/E/EKvZYNLznEzKUWAPMLStrbXIT+ZUe0rUHpJF2oN0VBX5F27tbtZpHal8iIEduOmZKU6Aae4FdqYbM88snD7GJWAV2vGfW+7iIaSgNd/u4HJRS4MEMFgC0Iap44/O+Y+gna9AXyAPkwOYOWFTesMhBgInwg2RWZsqr14wkpLaAbNWJhyV8g3QqeVv9/5d/4z1TdMALgN0g2EKejn4j5H7Qbe0AVfK/uMVe5RjxGZ8TBDngTT2nEMJRWcjk+uDoJUBEWgAr1dxetwWkOfiUdhi5LkU3Qc9u4wLEHkFRYSSlvZ/YTL0Hi0N6J+RnmedKDX/P2WrQifNzMGhDpaV2ghsCya41+pnNzOb5lptScWdmsTph6zS+Z+COhMnIJbBHprqo55+ACvlK7fdcQuAck0VW44y1KQj08yquowGobaOSuPP2BKtc1T7riOjNGy38+posIcAuUgVyMbR+l/YlzRGLzOaouyVE1vwk8XAclMQClQkANVy+XlzzCGUpsixRxj+I7hqXd7iSxo9Oh9l190aCAPCuwOQHmJ4TWg0OfvvnfMFJZGNVqEcwVWlxBeoMOVT2mQ6CHuYY2Dfq9dVDF4uAvBZ/M4dIkOZMKIq1sriKWpRVFSzEfWVKlbU9y1KdAh5vH9RHxqO2/iIMx2bxgfyixnKBh0GJB6Y5GiE6rWrbggaKw8YuAwmQ0I5xlCyMHaou3OHMr5QgWp3APSF0pVwoV5E10AcSz0HY9Z9RNko8tz/Tj5GhYr3Abt93EYu6A0f8S5AVLUTj8ISJGN2fh5xFFf5Tqv7YTBwFQQb/dxwxk8gPgnyORuu8qh8iHQJbKhQAFdJUrJqDVLW2h0aZCIicJ/jRRhggVMCnpbmct50BRwsLe1lyHgtvdcDs6SWAkW23EUgYr2+Zalf+U/uapWVdJWl6/hFbOlKOFh+4G+Q5FmnoQ+TGtGNteX8xsysS3wf7mNarAFRe0XH5zEqWn1oEpzyDxxNL7QjOLXI3ZpLGj7pZHRAOA/MHQvVoKEe7N9xLjQove4uCgkRVyGKJVOAEDpUxkp9JKjkBgcFjjZsviCpNQ2oN4T1l4xUHP82DhrmRzpxio074CgNLXY0orRggMVFMkvSgO8rvgi2tVAOUpMLxFetow6wlcFb5wRwUJLb8ZH2xp1ZZl5/RgYOap4zg/FQGVqnJe/7jBzcxURV/KiQYTQR0eJKX2xyftlt3mK/rXEIEjQDikpgyPuOwi+4HBwBn7CXNmaKYreh5rTiXPJjwoYfhKaIrWeh+i8RCLurtVcMFdARZUACCnAZrvf2HTRCkzLNzuSIICcjldpx8j/AKpFBTbrx0EL1IJpzH7g030rnL+CiH4Wi1HfTAeBe1I1Z/fdyuF7DWt+IinUx1Vd8s2/amZAWOXYX7Ehxl6jRSlyjv7CtBPGQA4V7fNxmIc0FsvFjhxqc7YIqYrpKr3OMtftX9sOqmUE4qXJ/wC6H9Ju0Iu9jn+DoIW5fvHOf3caTo5msYhwZZnAQ/LT7CboFW4iPIa9OOJm4BaiIYPme4V5ETh+D25+y5qTLJu/gb7fYEIqFAKyycBnnfMJhgsGAdKhH8ROGxYYeDsFD3crzvksvPPuHwG2aQqlnpPlQsBHYrtthqBQZJACh8gP1hotQ+0f6r5fMesYKogdFrHkB5jBkPILZR8tmYypQqK5lI7jQ8pfJzzMIEg7sv8AcSMpD7Hz6KPkbaNWf8NN16gbaDs8AdBQdBHXIcvPcXAPeg2fVxBkGi8rfJW4VWsUbaYt+7jQJm7V/wCJ+RYdHwwL/YgsdXLSiOwLg/O3wL6hcdyWmlC+gD9g8t8v0UDoAfIWb2BNPwvfd3zG7Jkdte4msYQPLlfyrFQui7G8SsrwXExn8QtIp1JYhjSWXR/ubgjIkLbgpv6M+eNBaf1f2Ux7zZ/wa+QAD6jDC8MjBAyncyAUY4wEQD3SLKRZjNqlbt5hFieVZ8JcAHy21RzCITS7U4X1cDrSOEAAVxqpVnQwW18N+qgMwuBsdBPA7ri64ljbtzMeYwhaNIoCpqwitw0Xmbfm6+S+Ja/JNv4r5Coih3f3F4gADlv8jRfgKDoIbIFM1X2v3FwELNnh+oTBlA4NxLjoEezP3f2YTZFdsvItuaQQlXngVQDqoo1yJMTnHsz9iRKWI/n8TEZTUG03Sh6E8P56Sx4Vdd1fMcCq6MX5hNgWnRloSveqgOav/XuODDynqKbTbvLP9wib3rzG1rWbGejTnu46MHaKq+wqPYzKpQqCgY9RJp8qIxV/KlnhUWS0sWsMtIIj+pcBBIsHJda+QmolabBCkv2PyAyMr2WCW9JA37nkxMj+Oo6cRW2eZgBkO2lGn3HMYt1iqn6bfbLOgcK7watt+y5W0Vbd5hkMNxFFKZQnKA7AM9+IjX8o4C8xv88raunVVBjhq619pk+R05rG5vqKPkw5X2O+Ssy/MANcC8i7OgbBxQ4lLQ0o3Asjaua7i+l2RxbmPtoxYPA7gOl1diQdxpsJVymkvX2GgC3buNZ4rfTyHL/2BjyZkYPhg6CY9apvQoqfISqMHiLcAEexmGstpwewVOkjmCy0PIKyGb97ghql2F8Zw1UsBA5Oz+9/YEqNXk2h7bfsERgxKEXX5eUwM9QynGAeHZa2i7maSkxwQf2jU6ghQvcKUdovMKmkbkijAVdHkBioHdWtzaeOTqoBDMbPvwS8DKhNY2YltQnDs+f3cICBpnUsNg+JdUVoNfqOg187gjgLitQD0JeLcrVsy01Xwf8AVSim0u/MbzkHqHyGtzp+ODqopY1q1P5CUohdDI2Pu42P2xl25RGYCaErODH+mLZ67bDOUM8KnSMqTJHQzxLez5P5TGgaVVKYpfI+MfMYW+bperriUNjniC38fmeNMzECaHN/xKJLEna0Od4zAhNQe2x2Z+x8FoH1QVV5qvMHfLabbIcBQ4AOINDmlEoXax6qAHtK081L/UnECwDlYHr5DYiS0t7Vu+9/ZkS9e97YkcuFgLOGIvmwxsXIYHlCkK8xbYwyvMfYaeotlXms8+YEceaBXzJrlfmDx5pZK7M2eVXzKeYWX8grz2dIQgkkCVFMY9fncVuxsJOn9jCOA4NP/Ed/GUOVvgXKNCq9i3yEDhq+b3qKXmTXDxHU1DedzRIK8TzNmHo7ePmvktBiK/5rM18nI6Ow3XrVV1Uclx+QK/Bx8nM0PaivZX6SW3irwSfkBe2CUwbXuH2KC7Epf4QQXVVAoUYMcRZha2ArxbP5jmohz94HDH53zB0wULUAF6A4rmGxhomAVYwQMHkBcsri0lKpsQo2+bY3KZiBRa6JbXtmUvDWvGHyZrxgUuFrq6+S3JYgoC54cwOQSgCEmxiny4u+buWuGI1PQ/A6l0Fzbg9jVvdypBJzSxWfVQugocTbZ+kierKa3kdsypq1Giqg6FUdBER9jpncn0/MYkQ7MuQtiq4rmJZuYptUKowVKvVpdq5zY70TV8kuQwczBf1j+pVUv2pZkyrIIo6RPkSv7ShsjX2jq6NRE4qoaywWMXXtGrcUqOByo314xUbfCsrcJZDNHQMUVC4fMLsLX6TXWtfK5/uO7ko7ZNhohUdFHjA3INW0YToUdENn1zomqPpjqo4dP8gA6/2NEYVlQehKOkglECxmZDmFKdKyo5z/AKzA2eNRscNnHve44hGqTX0DWMbq5Viqcapd9l7/AIlmHW9ZW04FW/bihhLhlq8MuPkvAkmALy8m/pTzAadmobtWOIUpVFwOR4Zv5G3DRVKLGvSQOyA6IZec4OxOQZ8Uaba/HPdygA0lAqnjwTG3EDQK0dquxdS0+C0EYsZA0mrGsVHufGp5fFT5CJ2OIwD0B8ijmBd2Yf3czuMHyH/Gvkezaj4XY/mFxb9iwHnZXKrzA+zN1QeAtVOQMqMkFyjkvukls1Chy8P+5ilxb8cg6bPkBAIaQuW+bbfsRPYGgmA+V+YwlNq5FyV23AaoLOFWVwNg8AHErfjbCtM8R4P4lIHI2AKH8IXduQabT0ee7lSc9zRiuhR0QgdZ3Ite3dnUNHSpIHtkvha4mlH/ALpJxxeKqOfA/srEw5l+ZhBdic34i0uccqAFJ+o2yWQs3m13d+1gwhlca18gtv2F1CUyoAUfPzLgynLiaLecfqIIbKKpS/7gL0cF9sfqV8DY90D+pTp5ixJH8kWrYNoxg8qMPhE4hFpxoZHlCEtkHBkgMZaO0VnNvcdb5IrvCMN2iJXeWnhsI4ROJzu0LgHq8nbzF/gUNrQvvPd8QM+8EWQ5qiAeVmyKJbg2OzH0KeCBeKlyk2XCyWXV+DR1FGEi618IposArYeGXuIkpWQ8UqfJi2WWG9baz2Z+xJubVVc5p7lCJr+gtznDf4hWMdLGWhVlP7S/Hm5Hu10rMNxEq7Ln0Ugriq4htFhfUwCZoUA7CUk0tbnAI2ALgdAVrtL+w4TESwUKeTR6hVmdkMvRo6CVsRnW0AF3uCzUAVkHk8/swJHkXht/bu4ortYUPk4NfFMQHdF8OoorqUuM8QsPjZ8ivFMoZNPqLMZcAGD+oPWKLeQPH4mTBljf7iQ6JlpxFdJYyLJyj7qLiIcmOhD5DYRfs/xKrcFyCn+K+Qx8HwUFI+zfTK3rNLmrp7GPmHB25vEObwLsh8JxI6DO1QHebvmphK3gtt/lte1mVUPKLdgyBr5FBCTlNm087O7jdaHzrwZvgjv0xbahbxVDezAqzCMjgGmRdHW4go3g8AUDq6TQ/D2YTqoIcihbtb/6hYYvNOCEBzVX8D6WHsZRxgyRXH01acKwBvo2rPrmMB0Nhjx57+3KJ1XWBHsU38WOIDW5vQyHLSs8V1HFpchROshjxg4nPMRqmAegHsY5aINyUtPjj5Fg4g13PaaPUMPI5klvw0dBBssH40f8wT71DsP5b+xnYzgcFH6/Uclmu/5ohltVENC0PoZ4hmMRHCFF8mD2MrZJWkamYABbixP2r+wz3YGgN4l2Zuiu9/P6jJl7LWL8Clr5Fazd/sP0L7j8VCpDRYvKNj2MSzDfqPbcEpjzvpgfoX9hcIhoB/pz8mtRgLI52Pv8Qu+rmxdUF9J8qNjkXaeCnvnu4zqjjHK6qtlc1LkSpIwVtmm8875lLHnTuW/hU+RsE0ZgLblpxyq+Zk1bRMRFCvS81UVfeDRHp8Svu2KLkAQCokHAwL+DB7GfNkL45EKxx6S+rZs02vIK753AAYpGiy7X3JZFN5dyXyEtecFzS1TaaR4Epri64lhs/MO19a+Ry124icBxUTlF2eSyKToNzQB/BKGbEV/B/EcN4bSwfcuyY/0b5iOi10QVvhY0Yr/fcVdds5OP6llm9xSqsu2BM5t+YKrU6Glv8k9xFQqyy2zzq8oIPLKMc7KlHBedB14xO26CBivw/UGGwoa8Pqpf2K2oZoX28qpe7jSfCDa3Bsd/sMXQorAskKjxYhiormsR9Hx/SolQmao4p9GL6ubYZkFHuGMhKrAUa1/fZiokZzZ4GHLPDFTfQBS2cs3Z0w+6lJstR9q9l8wcU6eAsrTJTXFhxF3orGsACHe46KwOGFf1Fq4gNVor7X7gmca5gdP4o+SjBAzCzQ9FHyJVnXVMDkovkU4hbM5QGihYAQRusJWBAUNiPIKcg8ysajMgaZHwOP5hmeGYdI4r7ThU4gxhwkWAF5KrCFRkWQYa2KuxXCRBMmGy4B+vkfgCFhNXYBRftwRTsBDkSsde5Y31xxwE0N/5rv7CbyQlC79Bo6CWF0VRk6jRlEht1LilZuvcWLsP7ZgfEJmLy9hUsuZVpOBcEAJcCo11hxDlafKGJVdVXyOHm+CqvsbjyGtoOJYeQ4quIuK/Aq6LKvcRn/0ogAoyaD9RAl1CrRMBQdqvmFV4xcoVktuOklw9ZM4iGhBRy5Q0sS3Zbz5cy5tnNdj23MgNQo36X+e7jUJlpslhaGhDfHyNH17mjjSWVpzAOhAya2vHa9+c3MHZsaYKT2U/YUFexYGPMJSE1u6s8Tb+yw4VhmUDggMCOD2zQOkpPcZY1usgWHlCOkiAAoICF0ONhacrfMvNSTAoQ5EariubiWCzOD8045hYpJrwGtj28tsr6WshTBm3P5mOGyBC9BAdq8qTFvG6s8meYO2+x0oebuuqjUgcqyhzMS1b0sWxy+elTiDXopAtDrD5KVitJSBCqPsQEbYvnGfVReqZ17mdCbMd1OUZ53KUBGiVERXWoWcNfxBX9wD0UFja+hN/F9hoPgYfu4myTZgge/jqpVBq8TSeIAMoLtP0yVutNnEXlwSXZQ5Wrb2sWesrTZJ+X5gJGV45AghdjKOiDg11QWFrCmkvQgKfNapGXIrVzNoeNfsRGT3NOFSCDXJrbw3K4Bwa/ritVxVTDz23O1W5lPf7WBb/AA2fIJo4Pk0/ss05b2A/ssRMo4Yhzyr5Q8wpKGBNRPIw08mZkdjUyGmnbbFoLg8Bp+7+xNkDWUEvDGDZWG0tKyu1t73zBAzKO9BZ5W36uuIXAKg5VW/u4gooVQFB8mZpVXjMz510hZ5Yoej4lZd1UKVbfItsDCK2NUKXr+sTlUwghdX/AIEZag+1/wAI0TG9Q6oPLVvay6hqBbuBEfTHgCcGiNHjy7R8gnjQmfn3OmpywTg2bymTKZ+IYEeza5TXsWCA4UB7c8y8lLJN+JSCsCMUA3e+SbSF2wQEoqkrFMYK4McNPhZ5uUcqequT8ued8woR+DQC+jhU4jZfPG1GvHQtG23tXatdqWAW0VxDXqpa9zb6ofgnxGsDwXXh9X8jX6t2m8hgfxFqrWAMKOVo+ygAIG2gNxIHYXKcD8kNmpD2aLfrb9hqOcmC3rzmMvk8gh7Gzq64lTFsQKiPpBZakwygePtFD0BxMj9JCGg1Ea8n5jCrEu23uMDft+KlIAtsebjo0mzHpJuZhx7A53csIcQrbsDkvjxKzeY3y+PzLBX1JXKVCZBKWhovR9a4lK8m1tw0W8UHyMljQ2lu/wB/nfMqxUDfUFdmHLnk3B5OpaRFPJHKNoNtyg6Ac8kcl8UooeaysLAGb0sL6KPkMptfSt36a+VKEjukdj0jGCOxs4pwUtPdzQMR1mHy18jbbHxnIyrOAQo6DxoHBwUcQQVoFjcK5w9rFN4fODCfGz5Msg6KSvg58a4jJXKqP4VdDwkcBEKqrEcYDoJft/KTXezuE0usYBsr9QpaXKbQVN9gP2J9gIbeT8QldeoFlChQAksGDJprXEu94ZKsZlj5CJZXsKZlk9XYdCUtXIlYEfLr5MCQj8sfqoXQpajAS3o20D6O+7m4ZIoQHPlz+YX6msWrWWk88qsQ5XMJpZyVIz51iLBqsVpddeOqha9KBzVT+Y9QsDL2AOBl6l2DTW1hV8qT2xKRXMGXayfB8iS1rNZ48e02rbAWv28f1LonNW07/f5beYe9qn1hz4exgLemwPf+1qHNKDRLcP11ASFYcC/HboOQPMBs6qYniLK1zZAXWxRtFs5sjyI8xotoQq0cYgXxLV0Xki+IW0OrrRCCjZuhAYu1cQMQKYDHKvHK4D+xytosdavkIQhjJYgafVhLOguyBz0M/Ewz/Rbq3dHCleVhaGNvtrMPCUVm7SAaInKpFsGleW1HoUQ1nIA35XLsSIHaZaV5pSuaMRVEVEeAqXgYXI2/uP3xoTWPmvkJMQ2ZG2/tYn9jQsuwr1URefLVw/NDWzdKWm2+bbgIUgNDnX2O/XCEUf8AdxriIR4UhK+i1dcXXEuSh7FAOdKrrUyLwbY2uJmovMyPuvAq3xDwR3LkUtjg7oogt0hSWs9wYhUXSzn2b+y8FWoRU5ed46qVWFBFyYeXBx8hwdRXKvJHwYcajgrLziONhWd3vNwBugjbha9NfJjN5IPwr3y+wSVoRjrHKWPXjFQFEgicGzqCnuVzetJqnh46hKsFHCorsMPMHnyoXAGhLJXCeIq9zc9qQ5ANOiO6q8ZTavduYVfMUqOoRx0jxxGJaAtMUL4TN6bsxKPH2mhGaebsexgsXycIUK9lnTEMIWl9DEUQipdtsbSuAcC6cwbWK2DgLMCNxrds0u7vm6j+pg4jYbVu3F1xK1V6yiKtmVUAcBXEBI3g3u9QnFhsMVWP1Ki7q0NX/wCfIAUsCSiv0Q3KMxWWynJmN2XdgYgYgcNdTo6GHyJSWBIVLnYT3cEqKbBnJyZv5UMf4UDIvNlP2N3a1vBSKVeDgs/ssDtVihWF0ueTRgISIHLoUgvOxjWEQ6eIgITgDB2UX9hUG5kN+ng87l1sxx9W7tH9EMpPL5d+Ylu8lUC+yL7NSw0uI1hTyFVTFGju8eZweuDHEaBujWXz/P6hpND0f9Xe+Zjq3L/I8xiP+z/uK62Ajn6J9FH6lbhV8QmaYbMg9X/yQcyFQg6IdKv2gXGpp30u+dwfvdTGi/I82g9CuZZi14auuLriCaFDRpLtn2zCaLYpo+JfNXLJotCpee1VOFTiNG88Pqy/tX9hkMglaYFINzrR+qigIQX81/u4JDxosbo/fxFYD27S6zAGWAC1c1+5wmyQwCuwv7HRh2gDmNVfqgrj/pUVFqpOCyvqq+Q+YGmJLo6GvZDqNNix5L7bfsst7bmlfkU/Y+NbWLB+QM+VKZTKwSeoiouRVavuZGWKyxuUrqc3mWdLb11Vrl3MjMeEJf8AS4XXEuQi1cIjyChHm7m/wcOHJ/A+SqWa1wKG2sue64ltWX03zmaeFLMJN5Ce7Pz/ALUZIs3LRYBVaZ3tYC8riIKE6IAFOqCod01LvAH/AH9hp90+MBg9OPkcJMU+jOupG3d2YSPzlRLoVSZE1XCVxOP4shE8sQNFR1BgTzPWlH91YRPuCh7GBjkxnxKTUEsacwXUZzFcuPawQMohhF0ukr1AslZas92unxUFRNNH6OHNOLqEYsLq1e0c8a4l51SZ5t5rx2cNnErEo2Chb+2LAWgEsCMXWpYWrUKgLlLSeLlJ1XuQPwEQ2FvJZX83KspAcfxaq+StxpWv8afZY3cyzRPNudweYYf4GGcplQVczrby5uAl8wU91+CY3gxUtqyaCnrlVSZ85uKIMvvAeSvHGuJjTCmpJi+VjLxEUp/7jv8A3mVBEYon7/ta4gyFq1sfY7AbOSIFI6PG7wtWr2OSUuxRKyukvtF+y+IMinYCU44Y8R5qTVwVWlS1mXRgggdXl4D5C58ripey29PaBXgqEGFp7WJmsfMMGKjzhK2ei+LvBg0YCKn1LunFa/3UVgpRZvb5hqHISo4hG6g02u+OHiKI9iypF0Zjlnvz3cJOWEiaAgp/YJhFoIhccRhbHTnNxMNaDBIGygDG0bzHTlB0wR+j5Mc/X8A/QIdmtZs1W4kgBlbbcOLs/Yy9im7CF+K/wahcNRCuNMQaLloUf/AwQcbQGPOmry+WbvzCl9i2Uxmq2+RTUvxqh8o4SVVO63m4h52ZdmaXxf6qL18cdvCNYvIA5uH+mQ+lneDx4xUBGzcA+Rz7GVrLoFEDBsNhnWGU5GOohDaLo5QuWOGCKtAadOx5G5cVC3dGy+myEXBIGWHRjXka2RTA9gGLRZNNfGMYqX9AeoaN8z2xN0lIA/MQ1NjzKawQQhkQ4WAi9OmMrmRGlt5mEihO2eytzxKOwL0KxesoWkU0bKtD7CFHX4Rt97Okh3wKUQ+tZg53zAe4ZyCBXWg81cy/QVZQ32W+olKcMY1M8y8FyxW7nzmYJQscpVYmbcqsTT5NkdywvzCvKFnBVffl8u/MBmWbBFWjc10Z8GKlwk0pyFmykpMeMVCs0C3rbODd44KOIs8wH5i/5XBUoVauJ6v9zvmBre0QTgcl3jjUabSulu5CrowUF5uLSjtIBTGDW2TTkgVR5zuQGHN33cpZJq4o8htYWwrhayrAqlWzGVWuNQBr4R1vbmV08QyJUCoQaas4c1LTjg4gnNbprBwaRORTzBykE0cFv5/MZqTta1YHdl2olEGwRLv+4qdOCueCv6lLXRLFWswVBl0f7xA8wqPEoHzLg/PzGlJVY/8Amdkdzh/h3KlSm4jdiszT6ubiK5UmAbVuouwWjAS2JocGsRaUiOkSsVB7oTnjJwNywwtQZ/Lx+WbUCVA58SN46vmOcr3M8j2OPkNPxFrDwyGvuZcyzhy1gFBg3tzKw58NlKnUvDKWvEwsy4eECiv8S/AjCPAkPyNohNEFpx4nLcfYWFWplVyt2q+Y7ghSniZIALBcSk3cxYhRwRLvZuIy1LCxkwKUqo7mv+Nk0/w7/wA/0hhgYbwEM7eXl/ccpbvtopeXrhfhMimBTYuAG7HkblEOU68FnAXB5nKqq8r98vjFRss0tkDlXbmjHjFRkS28niv1DR4AeI6zdIK8USqjIGgsGoqVVkNYlZI7tlpIrtMFwoWiw29G/wAwwqDxDWQrDVymMq1jz8gU1hLjSuoGunEsFO+Y6PUdzZ/h3/h3HcdzVm32XJ8wOxpjH+1zfmY50hYl7Z9crNTCoYAmnCSqR3TnNxJoSpbD7gB+AwGFY4QxXgDiNqHxVPLg7uX2ZlNuAilZiKqurMVKwULkSk6qPad1mXxKV8mUltRosZKpa31/EDUa4g8OZeDac/W4LFK1iYvkdM94FFTRm2bPU2Z/ebI7/wAbI7mz6/xrHR6myavc/rN31N8/0/gm/wDsyz9r+of6vX+EP9T5z9abvqfzT+T/ABv+P4mr3P2J/G/r/HRNnqc5/aO32T//2Q==',0,'2017-07-02 04:46:08','2017-07-04 04:13:01'),(37,'AGUINALDO ALVES','BARCA G DO FRED',30.95,'data:image/jpeg;base64,/9j/4AAQSkZJRgABAQEAHgAeAAD/2wBDABsSFBcUERsXFhceHBsgKEIrKCUlKFE6PTBCYFVlZF9VXVtqeJmBanGQc1tdhbWGkJ6jq62rZ4C8ybqmx5moq6T/2wBDARweHigjKE4rK06kbl1upKSkpKSkpKSkpKSkpKSkpKSkpKSkpKSkpKSkpKSkpKSkpKSkpKSkpKSkpKSkpKSkpKT/wgARCAEsASwDAREAAhEBAxEB/8QAGQAAAwEBAQAAAAAAAAAAAAAAAQIDBAAF/8QAGAEBAQEBAQAAAAAAAAAAAAAAAAECAwT/2gAMAwEAAhADEAAAAYYijQTh44eB0yO/MWFQjSlWgrTG+zWzoSjWZ9uSXJlWzqbF7Nejpwwc2Pn2gBNJatMwhha0YLT6g65HTIQAsaa5CPnb8ujzXQiqNrA3lNYXWeCpCGCryvKuWbjrjoz9AOKZVybpOyb04IEQzzdGaaj42m8V5dDjpGUjwlTsYFV6caKqLYaeVpScATnZcq+WPqAKpGiH656ztQiL5+Notk3b5ty7JmssgHWWg6mYpLE2SpZPpzrrLDSk4lLPOtO8DLq8nGmh4tGqbGyaywus45ZK8LXp75tnU+fQZufUsWR6JlLSzlI1z3TC6ywwTPjeea2axazgHj89PFcqFW62rYxCzDqMNCnoo0q0nPcdNFzY44xli4oCO8NrDKSedQxums6dZJxx5XLTw8U1at9k+nJl1M9nROvSzp5ZQ5Aay5SwEjEeoKEkS3iusMqy58dK2aLgrwTjyOVKNbVNN30olezNWXWTF5Zyzs0y2liPZZGpTMqJuJVCNpnsp059LHHR7LXHK4ZeOPJ5nkFl7uzQCcsZoXNrPPgkLEr08VVtrPTISt3jGNJYBxmsbeM+N1NGsFVHlaujjyuR4Nj6t2kVl6axolmlJKpCyVm/NK6bmMzJnbemWV6gm0YxK6IoTdYbGszy2Hoxx5vFwNK21UUudUXkityAxNcWsaS8VsnGdhlpdKEzlCYhdUSpslFYtZ1lE6nMHnJo1NaUpdZ60Z08oRZTrMJuNz2+TSiarnVZXJiWNrKgVUmrhKmiCQMm87F7FodWHGGWmiqGQamua7Om1iZKyK6LlbmQi15dbik6MHWc9jDGazXLFamyAYLI1ZCvoZ0qZMYeVehxTLZsmtDTIthhKqAnGXUzpfn1NVAKhM28obpYpJWTdKxx5tirdKS3lnvMeWSo0rQM0zru7BonHCEjoWsGs159NTVUC5jpO3nHZ6sWlWUWcpQmasNgN8qak2RzrUVsgMzOmapdNZwhMzkLHFsRK56aZq8sCCaIlvGU9QpK6pC0bJ6k7mPPVTumZ5LCs1kZ0ormJlpbS12mUloTPL3h0FLLbOvV1pDHiykrLHeVs9CDnVTqgS3ntZAmLfKfbByXkjqvM1dHVzEzSW+rxww6tGSzJrANU3aafSkSEVMMmsbC8qTTXN5cXTCanHWDGtWUO3Mwxk49GS7XFkxWdkbUS6tbaU0Iw7w8rzedNV1rkFZ7Vwhcaymd5rlOmb8enbzn682OBjWrKPbmQmXh0ZaBLGK5RDL1jyutraE1xlpc9gTc09uiSVDI12bJGrN15049Kyw9HHkNT5704J35EJk4dWVyg5nsiyF4eCujVckgl2Z351zDWay7LtU0QkQskmqWkuXtzbl0rmy68x05lJ8+jZtOvI1xj4dHV1oOkqzsgC6MmG3pobOoqibzJZl1NzQ1ZQnOJrNDdL0uTtztx6LKnXmOnJiPPp0V6c3sGbm5dOVlqnFDz7KSJa0aFbVONLLHWYWXmtk13ScKRiOc9ZQ3Z0CXTDcekqX0cDc9Zn59ENPTnWJ+fcqRt6pBKmCxpBbxaVmqZ1KyWszK6u26YyCSLIJGCehnQE1g8+senNe3Fs6FmWaEW3z0Wdy3HlZa0yFaNcQsRAUijTTTyx1mNgrfrpVIkYSwTIkaVj0MaWl1gY31sNZpmw6YVEsOs7NZMZfP0nqVkDRaKizOjxRWapnQqGsTLa1qumTMIKMLMHLRLfOhrPWefrGjG3lCQ3mOp1nLpubJPzpWraV66eCZbKSWdFNOdZrJ756MdX610QiTkpahWJ5zqh8bz9uGzO/N3hbmkCXlRDKtWxVhnMr0cstUWuIjNUmjLQzWaM6XS3ShJkycmi6glDszTzvGDv5dfPs1mfpiUixbnvhF4aEqkxwLXholpLRpbzpM0Z1LWYXHpc+0+k7ZBSKPFLqDNmjmaOaVmLr56Z3snTDvgoF0ctdLHR4loCszyECqs9Z5azbzUzZnWXWGTfnpn3O3ZhM8l7SsWdDT81MzPrGTpy5dWOktcp2BTLTnoVKqZCnc+UEdaaGZnbTPUnLozY3OhNM1DcjvSlTHM6rrlkzearxNZl1jNvlxSaqZ9ZAYrz0lsqeNWJk6HmWJUThLszfFJbZps3Asy51HoXU0Lhmdd1yrJo5OlezD0wLkI8Xm815NrSZx02jXFczkloUaQKLErmnz1nZWS2d8bdSGbENR3NOrimdd00teQQUXTF0w+Qs5KqyZrFhprgKZngWFAphklp00Z0S5pJoz0Oz6LyIOUG0glbXwEEC5umc+p0yozLp6M6eZeQafMW65XkCMxK6VaJxOqZ6zrrzMbMdqdB0jgMCXK2LKAHHQteb1ySySnJpnrN87zTFcvKilSGZShZw8hRXUtJeRZ4vnrtnSWmax+dcoPZwJQAmR1Mu80Xbi5NeYyBprrXOuZiNz0pXkZZJWTkF1zStNCa5cnIW/Tx2mhVYUoNYsoAAnZk3y4djdj0Z7zjrlw82W1Oc3mVUWcqNvIUnaFW65OZATTNvLGtGdrBKCnHAEMu+Isdl41Z9XOee+dLeVkIUCcvIHT//EACYQAAICAQQDAQEBAQADAAAAAAABAhEQAxIhMSAyQSITQjMEIzD/2gAIAQEAAQUCSVbSJJnAv/nTEijgi7fZtflXPix9IaKEMf5dc1ivKvBHDPl8rjEiuPKstcPPysRfPeI34PgeoRe7DwojrEZWJDf6lKkpbhS3NRs/mbSiivC6JK8LocsISKKzJqKlJyKI/go+F0pcEulE5NpLnVlHjSTL4ubSi/KUiNqZWFhIjSxLDQmaktzxPpcLL/Wp3JLMP+0qGdKuH4zmM01x4q2dkRMaPk3URY01v1LLz9ivCMlFxg2UUIvc8yeIwvxo6WGhZ1MydmlDZFjZE1eCLsWZOlo/rUbo3I3IbsXvhvEY+S4OaELrOquFybJyIwjpD1JH9ZkNVSx2Qyyb/Omv56rVrqMNOQopLbUhujsUcPrwXOEiPjNmmxulJ/p5g90HwQJyaNNjJe2siE9yxZLVgblTdiV5n6rrK9vr7WHnVXOm2panMdEnW+saH/N9o1bIN72SEznSlGVpySTb1D8180+ZdZ1n+Y9eDQuRFjZdCKRGNMcTat0qR0tD1oQ5WlGSO5sopnOlJXqPVdkG0WKM2aLe7E3colm5YXg/Y1bbhwvrLH1bZMUCnEi3diREmks7toof0VOCuBtRRDM3+YIi6IvdLMuk7EjUIzpp2Lti5Ukk73KG+QoNDLLERHw/1eNV8aetSnL+ioqKGacMSbS3OYk9yg90d8ZYVlW49mpxGzTqs9i00ssnGhd8CZHUizUnSx2tJ1OSbP4traxQbaw3S9T7CUpShK3ZvzfP2fpVkFS8bHMsm/zfJpvhJDonjU9OsoeWavRzel1J2zc7uz/JLoUqV2WbhzN5qSaN5/SY5OWNNkIM6JPC61X+cIY+ixyvH2ixln0RH1+fV1DgpM2q9qETgpJeGj7DJLETV9tOO6QnzYyy/D/PjEifH2hFjFnUjlaBcYqLsojGk9Pmtr1PbRW2ND4IzxPiV+Ff+vLLIi7J+yNx24v8xeWT70V+pzE9zQnYxsfcY3M6TliMifKz9v8APh8XbxPiWEXQmXibpEL2y5OiLtXtY4W/5ihFDkkXvlNYR8z/AKXWVl41fbCPi7xqSsjoyOEpxpkHtPZQltN6P6DmWacaJIfa6Hn6r8fn1sT4n6jwnwkfRVAlN3vNykp6ONJcTWPhprnEvaqPryu2+Y4saSPnwQ1+cMTx8QyWNKdOxrc91G5MY8Q9vhL3l4fGWQ6Hn4fIPhqmMRFnbGPEI2LDYy68F6In7PKJdPGn2UPhIo+/Ymp74XS4UcSGLlxxJ4Z8wlbYjU9U7HSwlxI4wuGsVz9GRI+2p0IQyI/aXbRpoQ8oQ1TNJckTU/5xk0KaFJDZJ+Gmx4fOLEfZdEeTpfelHuXvtUUhDwyuDtGnhSqfa20/FxKIo3Y5Ko2op3ZdnyCGyBq8RgxR/U/f5hkeX8XsiRDoshI1I2M6GRhZqRo52jkPk9Vu5a5XV2SpC5PoyHC1mLtInw10RJEfQ/2diNT1Isix8PCmqs5L/JYu2iPtN8uVrESztk+TTVyNcj6/NPqff+CXuREa2YM1PfEVYyL5Ix3G2scnB9Q+sw9vs+Foxxrr8R9X6Q9Jez6NQjzhGpzmPeorWFaOHmF3ueLwzrF0I3Gn39fLQ2SdnUZ9L0/08SW4S2o+X+mhRKoXK8GdkDlHxDKtLrLNIeE+G8VZK7lxCPsxKzrM3UCyyzT71PybhsiPNPHRKmLoYsw9hIaHlEo2lpJG1HHhrsXguHJKUWqeHiLOSh5k8fM9pLDf6ELzsbtx7nArMJcasb8Fm8Vmh8eGmxriPUozsXIiyyyzcexqSxE27o1hkPZslz5/54SWeMXiPvMRuHziy8WXic6O8IjwtWPOE6F28cYrC7Ez7l50Pf8A8hkJN5uh4sawx+CZqen+X0sUJc+H/8QAIBEAAgIDAAMBAQEAAAAAAAAAAAEQEQIgMBIxQEEhUf/aAAgBAwEBPwHg3wpixPEqGrPFxco8i/mrRavEyQsfoo8B41DV/wBKFgVv+HizxPFjVRXV3pUsQuSl5bJc6PE8dk+jHqlD+GihX0y0Shvq/jylKG+zXypdF3d/hjf7xoQ3K4LVyt2fvOioQ+ShzWilo8WeL71qlqhii4cXC0fysuFrY/6V9yEXu0L3s+qi/kqH3fwXOPw2XLf8MX8GOzmipb4oXNqa3cIYoeiHrWj4sxi+CMhRloh8XxoQz1wscLVD4vitFrcsZj6jOVyfCouK4IYxRnKGxxXVaKK0coZ+y3er99VLlLVutEOc/UVaP2coub4IUPhkJ6MYnHgoa4IWy0cLeq0YxHkeRY5oZWlcn7K5KPL+zfWyy4ShDEyv7fJ6Iai+696ZC97PfL1GMNFRe6haY6ZC97PfP1o/fV6qMhbOXpnKMi4vepuMYsUMfX9Giij31qMZx+B6IcLgtMYYu70ZcM/C5et6Msv4ckeQ3cL0NbUUMsYv8Eoyc4Pq4uhr+aKMkXF7Y4nilLRULo3RZ5HsXozU4llmRZZZeiZcXpj7MhPixyoz9Qiyy9Uj/8QAIhEAAQQCAgIDAQAAAAAAAAAAAQAQESACMBIxIUBBUFEi/9oACAECAQE/AfKm+OE+UBeQjkualgYXIMcQXzBPS4BcfM0OjugxKGMHxWaGoyWJRy1ZCQhYsR/K8dV5IFgY8KUc1NYfkFyXIIGb5D8RRloeZWOIC4iwRR1FghjYlxiAorCClclNiNgQqSw0hxaUY2Y0JYbRoGsOSw3A+qfYO2dg0mh3yp0DVNC8qVO0NLnaKGg2SjUIDVGyN8xvNhSdcOB6o2FAKFCiKzeFD5KFFBshE+mbB5UuA5Q7bLeC80hQig4CIhhQrHt43hG5piiJbE0yWPfrBG+LHtChXR9I0KBuEFl22Dlh1tBeXlAsGNCgh0j22DlAIMcgNRQY0IQChyg5QXwwQEVCO8aCKFB8O2mCvhwxw2FhtFOZYKFG80FyxYPxUKEKBTuHS71Fo8N4pDclKOX5WVNigip+FjpOk5LE/qPbQ8PCE2D46Sw7Y1OGkKLhFhpyLY0D5GGLEwp1FgioQ0Ew+NApY+aFRphFw4NiiaCksaGs2yciKAzQmETLj0BQuWxtK5LlXHYbC4bL6MsDrxDz9EKj1SgjqFRr/8QAJxAAAAYCAQMEAwEAAAAAAAAAAAEQESAhMDECQFFxEiJBYVCBkWL/2gAIAQEABj8C+4d+yVjvpmQsu5Pn0KG0sVPSvFlI0dN5GwurxuPp+A3dKFD3G8qH3O+j5nApMWJkcpeBrDzM+49XLeJzw1NiH3BxcDMX5jyLo3SiYXZpsMdGhlEw3ckY+IvpvbopOtA0LyC5F8B4bD4qDYKBsDdKT9q5GCeH+Ucw51xDMGFFAvMSwHB0MGQJDYOH0rI/LQYlog39UpOHQkIiIMjxse0G6scHMHyOjPQ9MK0prymQb4i66l7R7lYNyIExUKGxsOlE6sZjvcLgYZ4ajSumhacuSOQ7GLef6GrhtTT7xPGkPDS3M50LW0YPFuhMsGkv8O5L7jDEtw8rczwnhMP2V4mZ4zKDqeQ1eG1vMQJPIfB6djsG+BWoMcX6Ix94bR+H8R+j3E8bI54Sy/qBlifHxxucD/BH2DxKTZTQ1qTLq8Tq5h8J5PtfK6g8XHEsLoavBxSEuk2LTV4SNDwnA8NoxihZYuKGpYjja2mxvE8yxEc6GsDwKJFJlODJqLQIhQ10hh4vhcV0HyNxLjJg3VaGoPIsFweTLrExLvK2EslQsP36Yg3Vf//EACUQAAICAgICAgMBAQEAAAAAAAABESExQRBRYXGBkSChscHR4f/aAAgBAQABPyFWzTYpejZkkI9LKyE28RtlTQrBNY4jlcK2eJjpjAjMSSi7KAaRmuOJganhIUJLYuUPFEuhXhZJr2QMtUSJGW8HTBYZLUEkNbFOaOw1JBHECflBd4I2DhNAkl20Sa1Q82EmxZn8EEfkSIJoFS4oV5/QtM6MlMvSRS3kYt3kjIREtEktojiB0kuhCdBaUQLS7ECtioh+GTHIVsY56Q9wTLpK2N6WPQ7iN1tfZQQQjlpk8kKlQlDjQomJZWTUkJojMzkRCjgoEcSAMJZY7FCDUxEh4WRoS1vQsIux6tHwkVbF9ZZFF7CVsUmwG5TQ4pmYxuELmGsuzSOW2RUFCBRKYWzwMkIJY2tCbFDdShqUpjNoweFggSGhV2LAukOxpyRt6JRD+NVwpRws9QsssoVH8BNRoSKfK4/2GSmn/wCEMnl/ilRUgio1foTCFoHZkY3QhBqBk0VYT74Mj2hpqmygXDZ4lg42sLrlpJcf4R0iIveiZB+NrIhnQnDTWxTHo2DImyINEPAsDHyCIdrYp9heyTQIsL8nXiTwghc2Y/bgJ3BEhdkkxia9C4iXkbf/AAZvJhcRzG0D9wvDJ97OwjiaJosoV4KfSHShdsQS0o5hx6IHcva4MJgxYJQlyj7i5hVDyxwoolWaXsgCQnfLmcCIEkti4Sgq78fjGyGunllguJ3wnw8ELSbS8iG2kJL29HtDKJTmR8RrZwz9xgQK2HuDn544HgOjKCEoTxBK2Sklb0Q3US5eB3guhKFw0ONT8EhPAhPs74ljirkTlESZkyJX2Qr+UIOxT0yyteBs7w4ydBJUxIIgC4HUxKnoS5JVDMhWwiZMmRCGOFwuxpokgiOgxsGJEn5E90SUHYb8CikuRCTWXlyWROjFd/0jkS1ghduhpRJBrItyGhL+XJ7UiQipGWPOknI4MNREkkZqGC5/lwQk7eyYsU7g6q4Q19CGkMckYIjtjNThBkGTUSlRagcc0JmySMYisiUKTcimZZJtRsZKToTbtImQ+tiKBodBdMoSsp6iYclHCJ1P1Fdb4LtlscqJKLTqGECfDVlgmCUTZnwRYH8llsl88UfA8EaNtCKl2uEphNx09DSQhbXehsUvM8GJLcMR2S8DJGAhJQkPwfgFbOSpEakywsxms0Nh28mQ1xKGbWkjdqZMDwf0i1DjaHyK3yNMRfkjU7+OJzcZS77FjikbFsqFkfkE4nI0NWo/I7VFkmHHtCShUQJDK/Bt+zI80SnCWPSRviIH4Y1C5IdTfopKFQ2QdMysCyjaYs3JS9GAk2JimFRNodoaluoRGeTt3aJRuNSGugxhpeRISSwhZJlwJSaavBLslfgZHSa32KfLK7ZFKxvNC7exwknJPEk0j0Rh8CzJ2dDg1iXgYsblxxJMDKOxSImkUSfawKcdo6QsrHUpBcBOSfQnDoyhrM0+YJQWlCUNvsS7BGpPL4F2JFGZV2O1YnUmN2JqLdibRLgJRp2J7JukbG8TslNIXiRmAySX6kdq4Q54WWPQiTsxoQ4m0PMhMceA2QtDDAmiBoK9CgpxZgE/gOWiEtzVFpn7B5I0QYusQVESy0+hL5YksJ4Yyx4MLXPH6IFdW+NDgkpwYDkyRj0ZklXFQQik0zZkvRVwLLwZEOpGMoL2PKJJF2q11sZEtJW2bviQ4NSXgjQ8jSPZMq1inIU1DXLR5CRslhCJaELRJqFwkeihLlbE2PplvZT5iyxLkUvQ4uiXlEOEQWUJkmRBuRlcB1w6Q+FmiZREEJaGkI7ESLIxjlv4J2QC3dfhlUXIucwPD2YSj9BP9MSWizQ9lBYoFwszRcZksjQsWKgYf6F6DFZeJiu2/wBCUyzBigr6EyRjhlyOEdB027aEQSdCabo/gzSj0aXghJ0SjNcr9NiNJFyLyITSpDduF8kYwTzl1ZFkr3kWEa2gfcOWBrRbBITEjKsKMKCGyBCygZKdfgsHb5EsPMGzwdHAs+Bz8CtUIcIcXstTUQuH+iopX2MZGsBSqtMs+wNWNu2bzCG4fia+hYMsWwoFOkJzI1Fww0sDSuGiyYCSgVif4G8jRL+SZHgRBNDl5QsWxjux5MKG3Nlxw8FcEQlSUMajmiiY2uGj2EUJ+FQ6YYfJg3Y14kWDoFbQsuyZOyRNMkaaENEDdGh4GGGTpYQo3HF1KI5VMwGTKM8wXRrhJKhiGNgIayQyEqoL1EtmS8IbgKge4Fs+yWRJSD+xMhlIxrGFcQkKBGUVsyGpl0LiIXZg1x3dMVfR1Cbqxik8seXGlsUFX2P2PYhpSaGJbE4XA2qK4aoLfKHxFu6rj+xU3PQwlDfANb3wbeDQh7FRayOGemYjJGGFn0jGhpWoGcH9EuFJ4I+CsIb1xc3MiekI2h/8kQ0phkPZBfAoQWWXmSPA2BFArCv644ci8iyAxa4WnhtFAtiVTEocMXI7JqcNlOXY5CIvNGq/RJNZoqcFC8k5S7Ic4Dg3LJec+CWn6QSgrxsTfECpBfoOJyZy5gsseFcChm/kjqAmK54JZwyHQt/QkKNwmMihWIXvshBLahpHImddCLfUlrjmzryNnyWTEEwJykXSkiaSo5EankJmtGOrNyWCUwRMcUGSETSeaKhFt4ZYTfoXkcSJeRGC0RLw88GgFCyXcVV0+YVPKLJt/A1oqEjtlExgTHwh7vvRRAQoN7soLOz+CN2MJQryNxBJhS6wKmUTDCbzKxhhIiqGhIUmQ1RwqtE4keS+GS4G3sY7G5oSpjVmVKJ0oxw3kcHIjdk+x5tYIbLwRFmIQ0oF+owsA9JvvAkSI1pyNcaPdlRcYXg0ZJiwRuDdl7XQ+KSPqXmRKJ8BCTNnYSJCho37JbJZakyqhMinEp+RYTsbqmJGl2xm2GXlvQ2ESrxJsQcN2LyMSq+jPzNTQ2CQhYx7YqEn7C2USIh7F84KgeCehIZgNbSnwdBrHuDyNZMtmhyGJSzHDJ+uGV5JfNZ4psYLD0MFxmMohJKeX8C7JV3ROPsIuDMB4hORZdGNmyTB02ZmCKJBUsCc6KGOxNhJEPwJD1wY3I0IM3FCacPhsQs5ExDmaErliUUIiT2ZotRqxtPY3HstiseFkqDXMrRFiUcVYy/OhrsWsg8cJWoomqBCQcsSE4YsiPoHlIxeG1x0UOB6QmTPoafBN9uCidiCUcSTZMxZGJ0a4Ibc4kVlkj+cEx7yE1zsqgSEuN/4ECTYsEL2oYmnCmUQ04J9EOhwWCX6Ff3cUcjb9YoIo4TJwS+RWJPALpCvIhTApalQLga8w8jDJlmVomHwbFbSuzCFsaFC4MF2hd/sttDlaI7Y1KeSBAbECaQrShEqBCLEbHiQ8iay0Qy6MtxCRgQuBWuBv9h4kZNGXxysu+kMlRpKx+xNjbDg2IIIQ8UXYhZFUNdjGhJtoiBiFuBqxIkIoYdDwIeT/9oADAMBAAIAAwAAABBbabLGhuOlvocaEiQ1v1Id5LDqzsOEDj9wF2rk+lvr0vjwRyj6kef0taRtepEdx1+OFJ1pBHFfFQo2toqsuABkc4lbrYHSk4m7pmwt9zinClG37XXC0BscEHmTDHGlDE3qyNJnaWlUlvdCp0x2fFIDgpI3rHnEZOc34llbW3fHBP7zpR1kiaF4KGuOYZdhP7P1Vy4pTmpW3vuJ2cuBzEWRb0V5Yop0GU3fuLngxXjRCA4Pc/Ps3LIhiOm90BFjHjuLFiCx97JbF39c9LC32cMTAHqrtHUVVd14slfXyc53njRhqLCzoX73JblMENiHcbXVYk6JZLWhP/23hdsdNozHlaBjT6IOsre/ur7KlJATbRWKh90LVplhIYosY29ZZCzPRNbnvt34iWHutJtR0mD5GfIGBrnSmNfJu3V9aOk1eTPb+7ZtKvBmohvcTC+883ishdH1UW75sTJretkGoue/FgHFcNSD4tRKFeEySHW4tUzLb9KN9y78C2/zK5lSqMqJnvTiOo5Yk9SrH+ytXJrcACqrBIGmtFeg0Wpp4mMjfS4kXWxTFCkgkj43TinVfy5+2BnEarFkU9fXNd+2ThHKl3e6wSzJmZdH5Mte9Wz1dbeW2wtgDoCNj5en/wBo5v6FNK2vpmaYDcLmoNRyNZio5r6CnhBithpQ51Otq+Z6oZeoexJcFB8pRTRDdut+xu4H6ZL+Dl7zeu8Nn72Fpp//xAAfEQEAAwADAQEBAQEAAAAAAAABABARICExQVEwYXH/2gAIAQMBAT8Qdmxhxx6isyPA7h+ET7AkMTJm7ozIIg5TB1ip2MshOuDzUi6dzOArP9ZjJu1ldmk+8VFmTOOQKOngvHe537wE+Q/VjECCXJh2wjJpGeTYox7wT9p/3UvRgQjLxYP7WnBgM/wmtmoAeUNMgN7mcyYEzaa2bYiRMn41s29fY9FLvE97gRmGIoGcPsX8g7bxOD/fH6NLeWQ7YGRt84Zs1HpHrunltbGP5w+zXw59vkN2DTYsM4PnPJkyMHW3tWF5MmUbN/GOpDzuF9G1jAytg/02JpWjAyLk9hM4ZEhnxniFh3Tny2x2NMEZfwPk3BhMJu1647TBlhrbNiZVzYn5RG44Gb8/gU7ii3R4swXa+Uix5WNiTAJoFGkyfaCOpw8phWMKwY5M2KK2EfIx2zIuOtNB1Fletmx4Re4Ig7B9p/YMH28hOpnFmQh2TLzbPUP1PfLJk3qewcDCiiHRGfLTIwYvPdgTIbwLZ3PFFNdcjyrc9gj5Fwg6QUUFZwOYQp8mw8/i9EHHYfsOydPIWf5LCHcWsYTYWj8g9cnqbRdpfIOTdi5b7ZweotsGItIdIy900NHFNjzN+rFNXpZ5HyDWxNJoiU7jX+QYctCz9wM5eqGxYRb5NfsTw8TzxzAwjS7hNiwYPD1B3FyGnk+0MIuosdmbB1vF5/idg7NjQ3sxBs7TIHb2bM7nRPUOlPSJpkenL8zsXsYcWTInFXwmvsImTIsvKaHs8To2Dva2eYuEfeBxPUN+2UGwjcjARxW2uF+qeoMKfhfSaT1Qmjh8vaKEYtL5EgCZa+cVIIuGzZsYe01HtGw4syZSyBSv6PBng5L6Qmqe2BYQpmsXJ50g6W2ncGe29UG8hppNCyg6mhPfaMAyBs6DqLE3qZlbHUybTuaWiNLBtHRSyew8Su6ivU8RI9Q/cyx3O0eyZCDjCj0dQ9yHa2bEfkDCHbFhHuIY94tETZ5BR2jGPU/E7yGRcgz2YzB94KwWH6hZ3bZTYgYL3xPaPaEzCL1PuxaTY2JCCB+xh5Xte9zCCM6sIPBAyMPJ4jSFyfeIr7WRiyr+V2YUym9V9tzIgiGaQadxjBg+0dtPyGHyFkUKfbYvFHTsHSFI7IQOQ5DH5FZ8psO4GGUO6HUOdxbfIT1wFMGzuDkeM69zE2A2Ds7pmkwmPlDO1AO5/tFQ2gTMnka+2m8N7bPrTpEBMxifkDWBkO5kSs7jA+w3xit6rW0xd09z7eR9o95MH2kixTpFpkKXJse499Qv2LNo/aU6tpyDL3g+QaeQzE0yaHIOammHlEe5pNzqG7WNyg1yBhhFkY/UHTZtbb/DYRPSKieqehm3cWBhuQr2In+KGIN8jw1Mu2bO/qLNnRjPYsf8heclWPU2wR2MA+ze9UKaewwQabNpJ1ATWHchWz1QIdbyFZMvayQZ7H8x1TYBhDsSf8i6Z42ZZ08mGdo6gPsaYmZB7NdghhZh9EZ9hTyWRdxjGiN47FFHkWzbN17hNmwk1n//xAAfEQEAAgMBAQEBAQEAAAAAAAABABEQITEgQVEwYXH/2gAIAQIBAT8QVODAm4sv9n+xdjAJeaLvDqP7QPkU/Iply9rB2ElxLKwBUGq5Ur8XpqUnYMagxai/YQ0SXrc335GuRLVTdcS/FMv+EssqsXjRTPnAEPdxcNQTbD/2KLuWVGCzU5pluhKVLXhQj+JbiwqINyzRGLlYC8ARl02z8s4OIsvws1lMBaf6Qpi6dkogYR2aw/MrUVcKmJrUvdy17kMVKxcUIrn6YrxRyG2JZUJqIY4Wd3H5cNILFb8j+xKx8h5WVKmk/wA+fgYHljR2BrCjjZ8LUshRhBrB6DFQh++PkYHm51gX3CQ9lvDjqVD1cuG491mjAvN5dzVxx8ieBalkXFER/g4vI7wqnYFzkZfh1Blw8OP+5MioYWiGD0dlItsC5zD5Wzctq5zDK4IwwJf7jqGEHsA+fy5CsA4Yb8N7itgBljgji0Gp2UsEDFJSU8dwZ1HFpLfYtQDm0u9EADXgjDsTFalQXKiXHUXzB+RivFXLqd9kBBcdMuXH9g3coKPFxwSoajBRBMMdsMJgbIR/ECvC5SoupcUctEsNQb8sCvYziVKiV2BcSosMIxcvwtyogESBCW+EpdVAI4uobgfwIllYupfskvzUMCpQREqm4DjyDkvyGFIFYH2WY1yziEYxPsMBcCpUYOyP1KWiNuPvhdRl78jXn5wz/M85QSk10gXKJWBuBYqUC2P+TeT+WzLF4uAdxkUzjCyxn2SvyEq/Hfgp+Q1EwYIwusWEuyzxxFAiUXDZgajyO6hzC2wWyhWN1eNJw/iZZVwvkrCS4tQanZq0wfcXEuOibYmoqcGlFTcGy/Ednh8mWauG8hERg4FywiYvLydRWZnqvFBnDy5MGEb1Nm8LUbYCMWYNbyNueM53bB6+OiDWEKYK5fJBcp8woECVPtHdwBKl1NiDyjtFgtolSsPIkCcSwNS12y8vkjLqW1vAyHmz0/GMrg6su4+S44wLhvRGX4JUWOFCcYDw5Sss5lxK7BrZgtW2Jll3yUhqXhdQ12MDJhyrZUPY9HEOxB7H8RZNOzXkL+4qKIOsr9hR91LH06wtECMBtLVRAo9pGLDqxdJX2VbikbNzqVq4t7Sr3K+SiWMUSkqVK3HH4wNRdQfv8RLthtjyOmD8ho3GXcMaCO6gBpBNwMNSrYqoNHIttE0NS774ItuLSQL9Tw6IYlfk/WLubwl2RKdSyUjio3WoMWyyHW4UdYY4dGaQh2d+GHi5qE7uDNMSsNwlCEGtZRbk5jc+YO3juFrLaEavhhhlTBhyXHZFCLgBuUmaVuJ+OKnIbwf7EuP5hzgcFi3LjwYQFsRbzVBFemMXBFjF4J1lmSaO8vMGBA3gLga3AyIHURbyLZ8xcqJCEY5X5nssdjqXDIJxg/YlxKayal5aMqvc9g++Li4uPgHcmRkwkSIrWB98V6CBRh8jGV5rNSpcrwPuNO4ox/j9MXUvcuMH9jglxxcXH24LcWXHBl5m44vzcFw1LwxekmxnMsZUqEqV44xGT0E4y/mOp9hm58nyEcf/xAAnEAEAAgICAgEEAwEBAQAAAAABABEhMUFRYXGBkaGx8BDB0fHhIP/aAAgBAQABPxAB7A1FDTCx7mDXRVVc0pRFToJRwsWbEeslKVZ9pWysypquYFr5A0ksACV1hjbte4QmP4WK4hDgsHi4W6vZEFC3DAmFZBIywu6lgGxLgKbSAkaecsqtwsxKFMqA3fUJkoGTuLiFS+ocwqzBqBYtjxCWFvHEBE3sJ9o5BbiZzc3HZVnYf3EjUtdBi2WtXCnWoOu5laSmDAeZcLW47DP7qU6KxVn+LWJ/BIIb0XKRzKmADj0XAHOg7WOVn3TuIwGty0UFCyZdLc8MIDBnHmHh3zMhqKw7/gQEqBAWH8MEtg0xX0+yGxTFYLe2ExUYVOPH0gLuVQuftGlTXA535jJWlA/d6lEkUJr8wtIX+Y9Aev4JiMWVBKYidss2CcRUudsZ9wbqOc7eiV5fiJ3QGblNWax5lkRb5jhLTdcHUMiyzHvMcWwrPET0506ViIUUHbLhp9IfaJ20j2D6YzK4SFfxXFCqDa+iUIFuiUobGoIBKeSKoThzLNADBjJNGmmhCWg26OIUMOLI4Ukq0Skqo5G+jtiFfQaIJ5xA3zBLPn/Llnm+oSPu4pi2CRujCvghu8/YjBgTTAvVLwhiM735i1QQKev0itjRSOpeCg5b4OZSQELMRxAXCs+GKffLdQA1F/8ADvejwPXbDnJhUuitxshjFQOhnuV6lg5pMmZ0DhUquwTkzFWK05IQC7cqVCTjMNJB4YEyemM5fUvVcQhkQTeXglU7V/H7f0irbAfpMGs9k+chZdQwTKM5r0Q5jJ0/uAEPQlYht9A/fibH5VEuQOgWVbhxTMcW22YmBT5hD+VK+oPwStGSuvoiZt7JZGpUS0xVxEI2mqlxUHmODvO68SrNrPhKWd6ZhDyCL3R7ovFAOXRll14y/adigMvRBI5QejR++Y5qhiE1qKYCXEee430Hl5hAqCiE4JpGwHb1DWIPCf8AZQKCiUyp6GVYdHLzCpaGoECEQc/L1Bm3q6lYOh0nMqVKlRWAAhgGdkgIcdInWi3fyMG9TyRddwpnqGs0/aIFdWwaYruMMNwTmLWOXqGsXI+eolY3uNukG3uNuoSLhdkcSvhuUPSXGhFELUYZqCyHT+vxBFqHuDWI+m41cwGTFB9RkNAPxfwJghLfaXbC15F/MvN3s9QqsKA1KhFSomdmqZe6ULdytVcAeIGOV9PUOAlQ27iRUYuZlA+4DxF0SuxFIhd0qBA9ZYo16/2LLV4pczynoKiIFnDkfTEFooNEV02rJjVKTzOI6JYzKKPbiGKXRnz+jCVckoDSgm7mCXumzU16c3zF9TsXNQQL2+DuKDVjvO419KmWtQBRFglpagXK/kNZl4j2WDUi46inTx3KKovpx/7Ew1iWNShYg+x8QQZSargBfbOU84m0rctXOZWqXbFRorFRu88TFynyJFS+cIKMqoLjq08x+0By8GGyWUasfqTlu5r7P73OZjZ09QEWKSAGVWgj2iHYqmQlpeI6Mi4ODr3FgSwE8O3/ADmHUfK7ZUv40tH1alyO6/8AgW88nr9uWFkBYu9zTanGIQ5sbH9+JeWB6j/CoF5HslIttsqIgscdhMmGkp4ixI2jE/v+TwJWOTUCc3AgXbWDfiHKmyvOCeC3DUX27iJdDX95lVbtq07xOm28szUbMw62xKR5nL15OoEtDkYzoEsgu8kKLT0RCgSlXKZBwDB5e/UFxvlXa9wJ/ZKQavB9pcYMuXKCwpQHPcRpRm4Cx1qxbN+//JZC8O3tEMnuUpsc+JSpnZYVg2RaE1B8kZhaO+yBWIehgyunGvpE6LDHRA8BUuoWjRHRaJ9X/JdEqy6hcoSBgl8TX+scwKTaxZ3XUzuXYY3RReIxlci3iEb1rdM1lxATI2nVy1hNdc2PzMaIORQP+3POUCzHqXgtWz6wF+BS9NwDZfKaA/wzloLXbl4qnIuvDe9S8sGRn4f6YhfAh+eEUQGilfWWPsWBh/xBAYAe4qH4lgB4OyA4c9RCWhtb3Cj19Q0otx9FcMtIdvIxCMgbYiOPPmVUGE+kadh1ZKAu/cZKcwoZs8BPV8zMkQ6NH74lGLGaaRzcGpllERpxmAOcS4Ic6Xh9QUovUF4ws4qAD97jEAWXm5pp4j8GAlVtP4+8MEA8RIUKVEhThWcohUYKQK0F1T5q/wDZY7fsKf8AstXgL9hDVIFayQ1QnZPAZmSke5c5TX1ZmWBL7ZRBgMtSzYQyqLHKCukgnd/Ex8VwiXJhOAOc1FkXx8xoqGHgjgvOoqy3MIFq/AlebNB3ji4OVlFaFj8TDaxpDdTa0Adn5KiNWDy5+kvIptTn4TMPJLfeft8R8YgsAjNMZC6iqyoro1/sX3lT3Q87+Zmm3EQbLlSgo4yKQCBR0XeZi+lWnmpsFDBH2VEjoF7F05/8+kyyoTOMQh2GhAyduIEXi+2IHIvQTDF0MdpQ6vggCABoCv4gaAj3GNiv7RoObzNs8oFeEglfpBq1NYP9gMZBwXFbABpckCBhrplEKFW9H/sQl0Y/PH75jo4kpGr8k3HGCqfLUwCU8WfWHDuEVAMYKgpt4c/MYCzYBdXbURcwwcVKWXK7ERouAFUu6gNuC6U14jwSo1UAhBeBxwhELsNGM9nxFbfh4mT45sQx3wNc5/7C0LnnmUq84jcKRaNS0bgB/kU40ROkIMsC1tHzIF5S6niF/aCqzLmO9EgXTd6JnyeJXYxljUKwvMpixR+ZUO1f0jE8IJeckpqx18SDZiANWYlqnEIdzu2kzcgwkYG1Re/pEtkd1mvcvW8DiAV2yoipdNYlijk4Dh/SV8XnxW/tLQ8CX7xT9yWbjg18ZqVRaS2iBslN03Kixq/MuOc3A7EDCm2+C4GAIsB4gFsvlgNIeCbYYo20MErgebaepRtRxviAWtU6Dn7y2x2wHunYV3wfpGMc+JiBGyfMyc3JKUcOZkqCam7MmWYOLvD5hQJQCrv3BotDEzq4PBbeWLKOy6hVGU1CPkYrpiRbFVed/rDk2PxMOoCN5wRgysAdYg6qrbzBKsJpGUQU8rC83vP5gChR4j8qBFTV45lD8xAimmrQDXS5gGDeKibRm0sE4yHXqGHOIrxMsmv7sSmx9AQwyrkrcOxB7wiCz/yJk4hGkNOAy+Adv77gXE2FwcLLrsilrFwjmF5ceYMV5t9Lv/ZZTSX+/iXasrx5jzKu9y8avN0TArhuADbO4gARrDPjcTDMS08kuhmwGkVlktcUUBywyv1/LFVRagbDH7xyx5TEpKu+cwoFBwkZFs2PZHTHBRLQKzPg4I6Vr1zFeIeKGCgx8wQtYhROHJLDqXX8AZPE4KtJ9SGOKlHARVAZGwlUWFpowx0FpD8aZmVgAX7/AMnKas/9gUGF18RAMi33nYBc1xFm1esRxQ90Eawty3HP8EfKbMi/1M0Chr3+svYGyEQse2XDyCAKMQybj2HEpvBMqgOiGFEpqeW4gML+yFsItBYQc8IANysSoUgXRqUz1he/JBNmYGJaOR3cAwVuQdePrEX3hLqsNZhrPNj4blirsH6zEaZzEGU3z3FsGqHMAsmE3Gw74h2L2JCXNXBHUv6mWoCY7c5hGsQFFV3/AFFgOGfcdhwmS4G84duop3/lEGxu5cCF3couN8GkNWRbbYHRF8S4VlKDUAtHJMYF54iwQKDGl3xDX8N0bjI5wnr+BhcoBGVfTnUVpZVLay0qz3UN5jZl+/pHKH9JH9+kAOCX3+1BoLj7xaKQYspivEd1LqquFX1FQ4rYY+mVFtcgW/HmO2o4Vv0gEaArxMkKcmvVwsMyxDWGUYi2TKXy6gclvUoNdcsXDpi1WzOdDEoOMw0pgQwcqtlSU3yQFYbIMyzSzKOq2cck233LxKuWfSWZ3koQKFxf+xGWo6J7lvI2+pkjpLawvbj7xCcGoVaN00wcAYribqg0HP7coV2Mv+xwE5ipVFuBEqV90zBiUBx1FjRarWqu6+0BgC0kHlg2rk9StCUmx4hEKYVcz1INqcSmXvEymIDU7TY9R2+Iydcn4ge4IqLqOwc/xIRZeYbZPDMyvTUCM1a5UBta/MqoObx+/SOUcJYO9H9MAEHXPCRztpKHyMp27WX5NQCltXKOEgsQx3K0qw0y9Mi5c6lbK1WRjU1Lo6I/ylthc1yN/wCoIJ9yACxqjPzM5VA0HLDTxWwYOSuJZXyYSmfSHN7Y7WDk5L+kdqGuYYuOWCKx0ShDhy5iLGNORzCZAWwRwqBQROmEYI5MtvpK28pjcdUOjvnLLcphnPlr/Jai8B5hj3KAhD3FM1iELkeW9SqMYU+v8VsrK/eYO2CcQrPRcTvWfmKoWBcMrmESCcM2Oy4YDydnz/yGx8sRF/AWOQud6rltrBuItr4SCMsNRoyNVQ4jG5Fi3BjMFk5B8xEbrBMBnCVfOW/zKkNJXljeDH7R7Dz5hu49Rqnm8dJlNk+kFrpG1MiUwx9XiCQMBMCaJ6mf0TIhxKzlCwEIh/IJUJoMfSc/MGHQYFZy/MQYte4loFPAR9g+xM8cXDmIyy+V+4lM3ZepWs35gawxFxjVBHbUTVQ8TCCPGSCPDVRGK00nuYyxur+ssNycPb/kE5gqhLMr6/cRxTGmcLLIoSssBIbNvLMH5E+aVFjL+IczERraXzuu4cnyzMhY4i2GSx/AAoyCx2QDZemY9xb6RUuzkcjMq/TJHEsQoavDb9IxhfrSWihG7vuBVjNbgZu5WhnZEFLqYBRnD5iLwoYPJ5lPgNxAoC2TOowtsVdXVEdoLF25r9zLDoEW9/rB1d65axACNpRAkePvBUcSi3CvaKw9wNItcPmVhOEdDEWts5Myo8kux2xo+CG09NwLAyY8MZcCNMQV0oHqo5feZv8AxpaXQRhojY0wXgcwEQbH0ZQbVOu46stKcymwo3REuatUHJ4YOEzpmbROFFzHEy3uoUVULvFitoVyS+CrBkUBx6ywVw6DNK75gkE1h9ShCs7QuuPvFvzPAbmdRgcY35hU3LZ80QRNXLK7GJW7QHiMRpIAA4lTXhjgqtlgzX+yrfqOg7IG3k69w4Erj2lF5q2eKMwtZLvc7hWIGJhw5IDSyt1uZ1VEVrawbInPJIFQ+VnEAk2DQ2XFW0nJ0YoUWTfcs4HYWGYTlcMq0eF/f2pUlRQdYcQvzChfPMU03urpI2QnA1+LgEHBWfM4KLq/EpgaCIWV7zX3hK/UDIiIwZXQ3G1oP4ire4ZXSm71KhDmZxz9lM1PMGo+JkshRPS8zavE99xHkCniCUHeSClOYQXkJd8zG5oAFa3CiUvIWKFTmnXmUygOL5IrPBqswZj8yicnZvd9fiNgMJQ8QqLIWFwilQ5GvEx8eAagO6hZrhlB57qDTEGcOUwB7hQ7BtzK5qG46ZgDyjCTfBCngQe4yqkrymfx/s0ILnmVfpLRam71KT2fxLve/EVhIFWy+cymcIHzApn2Tdqov3GqxXW53FAXjUKxbjAXmm7iltDVZE7lGtMVAPDeKq8QYajZlVxFA5YuBGBTEkWPxLYZvUTGpXH+zeEuvwFjsepYM2tY5g8pWg9Rd+IqDOJ2SvwkuID5I8HmWFYrT99Qg10J4JVrHIOjLFcBSbEDfqC6uNKxTipWBaZZ+ktDV+5jTqUVT/ZKreQXmKJeUjZQx1AqjyHErgW0rAFhdO4MUhcqpaN3Ak0OBUGBCC8cStJlT0gCLGW8HiG4pIaz9XKg+JnAR/ycXBqEXPkj2PtEEc4SoXVwSFqjQeCcdwQOX7QCNoVfbMivZNLoggXKk9SxAU7I13IzgeTZeIBLIn/JZazI91KQux3UcOmH6wK+HMckblCWA+OYymbLurgMlFreWXdHP6xAG2+YYDHCsxDDGSgirBu5S8FHUELNR2qGy4KoK5eZlTG6Roag3CVYR2y9fickIU6Ya4eAy59Sw1xmYU6xPuIuiYLnt7ha/SQZszMNOL5jahyYtAXEyhEXy7l4sNLmNUZfFwZhE4iAKGM1KdhS4DqyFdrhe9N3AljjzcTmKeYA2NgcRglVSdQyS7uoMYbPbEqVPhsg2zEblgOJSjTiGIthqIJAeOY0b5NxxY0wWe4OAH3zGFfi6iVNhWQfvGzT4Co6gDgnKjXUA2sxVU534IboBb+v7hI6MPmI6Y5Lhpa2aZXFoMQnY6enuGmEq+4PVKcQlZlizbu4LXxqBQVWygFoZ3mILQHruYWWNy7xWI4j4Ln7y/gO8TJgUTAESOYC91KhBsblA5C4QFZg3xDcFWi6iXxjrqVZajzTHsWTsC+mK+V8ksMg8y+F35iI6HLBCjQyvcd/l9oBI6WPQZGzsgPiFerhlgXmlPuLXXKa5JYcYD6w3DOIlpvzBdnQsYcZvcN90MdRJNpiFLWhMmhmPNNRggFvrEYAeBxAiHHUBtMeNwBOHuIUQ1WyZipvCGyJIy2g9xxtU2UkogpTkgi9jiHFGEl8WPPEbLsfaN1LYtlgMFCLstGEd7aErYNQyYNWJstyNVz9IR1mG2wBdnqNoNLfpDOxDUZkUe+4G6t+J2KreJUw8YYLHZtqGoUfMGx5hXmXLVepYC3i3z6lEvccASywXxc2F+I3sBRVSqAYlOvmHhLOxiMIpycRNUpwIpVIccyxwQyXQmmFHSwXWnpKCrPtLmUfMAwB6zH4BXupaXZ8MNdkRZ33DOpZWxxRzN0gTUs29xoViIytytbVspBZZqXFMcxJQV5buCuFZwc+5gwRtQxMFS1d0/mJYc+SZoSyolDy6iHAxFP2TE8quNHDvMUhvOSaPT8QJuyGhldPsf3AFcZfmW1B27lw2iHcZFXbWYApMLEOCJSUJ1OlAkqMg4GNW+GD8TOk6wn+IYWE7shJUE3f+/5DX6fu4FFkYA64xECckQOBf4ZblI9wVhiOld0G5kuPU//Z',0,'2017-07-02 04:47:11','2017-07-05 03:58:34'),(38,'TESTE TESTES TESTE','TESTE TESTE STETS',14.99,'data:image/jpeg;base64,/9j/4AAQSkZJRgABAQEAHgAeAAD/2wBDABALDA4MChAODQ4SERATGCgaGBYWGDEjJR0oOjM9PDkzODdASFxOQERXRTc4UG1RV19iZ2hnPk1xeXBkeFxlZ2P/2wBDARESEhgVGC8aGi9jQjhCY2NjY2NjY2NjY2NjY2NjY2NjY2NjY2NjY2NjY2NjY2NjY2NjY2NjY2NjY2NjY2NjY2P/wgARCAEsASwDAREAAhEBAxEB/8QAGgAAAgMBAQAAAAAAAAAAAAAAAQIAAwQFBv/EABcBAQEBAQAAAAAAAAAAAAAAAAABAgP/2gAMAwEAAhADEAAAAaN8LoulZJRIQg0Fp5WleWFdhBUQAFsVALYlkBUJEoEgjS3Z1pzvPrPP1zddMrDyiwwyrYlludPNPNLYYJXRQWAAtioqCgBBUAQgQy2S3Z0CmzPcsWrbKRpSQFQaCpDKVhTZQCqzSyUSyAMzWdd15AhCBVouzsVl1hS7Ngy2SkYhBlMCyu5KweahCFFc9ci3prZ0WNHNbZNesVo5CIpArCQVvzqDDLEBElKkGUgGlKkBBbIAyriXPNAlaWaTbcaGVpEWolk08rygsldSEgEg80lythIPNQMsCLYothIEoXgZ6LZZVydG4Cc+buudFxbDSvKCVZNEYiQeaIEFBHWq5tzsgCFVsVEsFGBSRx8drtYushQZVAq9hz0RAIKrTRncGpiECRCtk0qLctNEFGBSItgJQIQ4+Oua59DrEILHPapOrMkBBbETRjqUNMSyBCEKtKqSoQhBEWokIoQVxc9MZ6DXOxIGUEiyaUFipVZia6mNOElhJRCEhAkFCEQiCiAgohwJvOnodYtCQEEuxtbFFTFTXO3n1IbCGiEISEqEOamwJzDqi1zlpToGg5MvNWJ6O5KQgAI+dwBSZrHTXjowQ0wUKmiRISkPL1fCVsk7C45ri1Wmizpxw1pTsWdVCQBIWx86MqJztLkpNuNktpghCGoEBVWBObaiVHTjrnCl5lV1fEKjXZ6NlpYQI0oBAMVRDZTZqx0ccYiEYgahy6oOdaQQUSu5HFWirIhSOekZ2EIRZBISKlw2W2KylbOfVaiMMMFCSsVvGqqCIQA9hlhvOeUkOoneIBIRZFdipFz529woms1TXU59CElhIBDXMriURRADADYi6RIz08MemZvCAYAqV2SV+fXN05iUlc1j3j0HLoCEIkqEOdZw9EAErHEsKqWCkhjanokALISUCoZdE3llS5x283UUrr2XHUIKAgENVnA1M9IlS2BFFBTxLK1sj0LOtFGIoAhlfHXHWCqLmkGpCJ6/lqEOVuWAOlmrFVIi2YbTZxaRYIKWyiwGuT0qBHmgSyARZqnn25GpXrIRbL5pNSu59bx3AWYtQim3NSEshLMqrZ5+ooBZWpIWp0o6edVzUlg+8WFtzTjpnzrn7zalGs11B0h6Ph1eyazj1LyhN00gYAErrgamMVRRStQMMnUlbOmzqyVdZMpXZc5KoRNTdm0b56UsQmKa7HLqyLqZdRis2RAjDLlTk1zqJUCqxRh03jZ2Ivmhc2lg9yQ3NspJcsEADVz6iyGHUtiqtUKWC0YqM9nGtqFKxKUME6NmiW6Li5DYQkCGGVUhArB+fQWMc/WdMtNa4FKlZk1MtUxYuItM4lQrLDRHcTVDWKEBFaIAiEFAEIaMdFCYtSwATJrOcqpkYaXKtBaVldaDGE0m2TswwSECQgZRZElKUxWbMdAQw7zDMUWINZYXS2FLXNSkcaxS1cyVLYWR6mL4AElMQKiAhqVXGdCa87z2ZLKKAS6HXRFoTm6YCkzlhLGAUCgW47MnXgLlQJsV1EShBqFCZ2b5vBqIjKDTmpZ086gCWVnnNFLaqhbKyxcyQAiuaZOobEUthTUsHmpZnRRUyVmXoxoltlp1K0ddUoAkEPL6Q0VQUpWVrC6SqkVi1NBuTdFsISxlXOrapZoqprCaU7OLassosvly2a1hSmc0y+d0yESq2AIQvkotAwyWRfXVkawDQALYtCOVmFqHZyuK6KWGcll64bDLYc85KihAqELUaWmoXQxVY0dY03KhAQaWlYIZ1prt5UmKunJpsyLSW6zJUKVyGOEVQBrYXphFVYhpM9hNJ0ksGBBLTKpKCqsy7pDKyullmFWNlzBjjKo0Z1UuNNEyyQqpZYhtiEYtTomosBDlRnWsrIXZ1mp0KpZUEc6bNhzxVJmNpkWmxIUhVa0QlgGCWJedyHAExLz2rIzWEsms9mmMlXxRqQuOnM2pQtVu2REuOWvNUiBHV0hXQliNRNKWnSktFXjtZwKE0EmqrK7DLpivUUtTbAsQrLS+IZFyl5UIWrrSkxDFY9WFg6PF4q5FpHCAE0thQjhsQZd0gRzl20HQk6ZmXkVqgFBvNwicwzrrKyGgVLB1UzKpWXFQquIloLAEktiajUldcQZe/JhOPbaapFXeOlhzCpesYAGoUqSxQUAK1Yrj/8QAKhAAAgIBAwMEAgIDAQAAAAAAAQIAEQMQEiEEIDETIjBBIzIzQhQkQDT/2gAIAQEAAQUCggHZUrsH/Rj/AGMvQQaV2HQCV2VCQG/4VFwCoTLlSoNfMqVKlaXL7HRXnpukOUrB1CwMG7c5KphZ2fvBqM4hNzmVKlSpXcZWl9uXkN0xhVkK52EXMhljTqGtumWNwFYOOy550rWpXffxkRunQxundYpYMMrCXcxuoXJkfJMOL0x23BKldp7DKlfLlHtZaapcxOEYZVMZwJ6psZRBTTbK1v4DKnj5m5WhOmP5MnT2V6VdjdPkWFqPBgmNdq947hKlfM0Rtj6sqsH6RYmDKuSu2viv52Nj7Q2nxHdkPy3zoGB72/V9wAmMfj7zpmNlfHypl/2t8Zwq9KxOWeJlzkH1mExZN8MzZuXyFpjG56+HI+xcYqKePkJqbj6jZvd6hYdCDvmXJQ/d8z7nwPT58vDNenSYu2uwz+R/7MtnQfC7AB/BYGGhPvpsm0+R1DU33E4jvemDHvYCh8GU21U392badAZcuXL7MvVFTlzloSSSk21N8v3JlU48pJaiZ6ZjHiKpY9Ph9Jfgdtoqg/DN+xWzKlQCVK18TLmoM5aIed+2b3M2iCOKCPU/ZuFXI8AvTo8YZu4nQEz93P8AG/Kv43ypXf1bFC24wS4fM50MET2xn0EAs402L3gXG9oQbQeU4mWlAyKPh63+G7hE4MIOg40PgaVr02Pfl76gFRlJe0WZOoXaWJhJ7bEsXqyhlyYmxRQ+ZsuJsRFwsCaVptEqbalcfcE6bHsTv8TN1G0NmZgx08zbwAOxz+TZkmFvy6EwwKFnV2ydPj3YMq7Ms26iXzMC78mld2Vqg5aHTEohrsJoY0shiYgrqPEI7PTG/PlZR5NVLvtWdJSlsonqGBmhYib9sDnR3Cl3Axr5XHujijoqMYVrUxecjIDMfOc6VNs2xuJ1O7dUqL57BMX6mK20boHlbn8Rn2o3AaoJbFVxWRhQTYBPAOE3Wg8ou4hy0qst1p4ljTKSBk6Zzonn7PYInCy4x3AD3Ei1XcQo3MlqqCcCAUtUZUqVofAmM8lIp3Z65EuEiboW5fLMoojyYe1DuUYi09Dn0QDsAgWVQKqSR8X2Jju98ArqCYYSFByosfqLjMxn3m0VbDaEaARfODJu7tvPwXrcxmhRWeczuFLZrhyFtBoo4Y2oiNUOgFxhUUxfN1FO5da7K7W0PnRKUHNN5jXAJU2mDCxno1GaGA6GAQCg3OnIgJmBg2LS5YPwNxLlaPmUQ5WOlQT0ywXpoMSiVWmfJyWoN+oEHiVGYVqs6J9Po6L47n0x1tYsTWm0z0QAi1krsfhGO6fRS43DcUOZvAhgjaCK1TH1Brfc+9vANEMDNw1yNtmNtzZPOQy2EXHcGJRKFJWwCi379h8T6XNwcoaMYDoIIdbl843imb45Wk8ufcpnqgNmPINHLkO64OQh9tw+F50PD6O1TfAeMq7cjtzu1vUCxoBKgMVqmI7klwRjypmSiu4mGPtoLLqKeLnqqYvIu5k4O82WEaYxZZ9syqTG7ghrH5+/viEcadO+3sMENW42wXHNHcdL2q7+w3eNvZUzOIpJ0MEY8O5cVcIrsx4bmakVOHYbWn3ft0V9hVw2g8GDieQwIiQiy61oSzELA6XU9UqA3O7aCeBozkQm5Ys8youO5S0zlYaMr3tye0+RcxHdNpm2bTADMimMQBYWOwKoBtB2LuJnvr1SsLXN+1i9jG3OLkTqUBmNFLZMAAGP3f43s4SM3AagTc8a1r9+dAYj2Nwm4S5myGA+7NSqvi5ZM/scrbTFFqwowTEYY/KYzS7ooVTunVD3AWWWVKirNsIo6iVP6q+xg+6XGIWOb7B4+m0qL4bQeF4BaXB5DVN4lzMDtwi8jCVKEETFMy81OKguVa3OKBojIYwZ4fFRVstww0++wxfO5TDNprJuQ7juwNuadV/ErbSj2GE+8WLdAyrGX1A42iLj/EkXyVoVZVYNDPMBo5JzFjafRgOggisQBMyg4vMViIvKdWfxRTQJlQeNo3+GzH3qYP8Az4P5Ao9Rf2Qw+W/X6/sPOT9xys//xAAiEQADAAAGAwEBAQAAAAAAAAAAARECECAwQFASITFgQXD/2gAIAQMBAT8B6PDupchLchMqXVCasKMSU2ENl37quUPEjIYTFk1OHS7dLoZIN3hPKbq+kzaIRkR4EITch84GIpS6Hz3ppSfpZwXxJk9qftEfHNHpdBBehs/olR4Z7Jz0smeJ66KHznpaUIWhIb5CR4njl4kyw+hsTyfMuVyZMmUbLo8uOtFHiGxPVCE5FL266el6K9E8l0aGTm0Ysk+qW4ujnRQn4RcRf4T/AP/EACARAAIBBAIDAQAAAAAAAAAAAAERABAgQFAwQSFgcDH/2gAIAQIBAT8B0Z0r0xgEWme/Md7jjzh85HvxnXKMdw1MBfEMgRzzonP2LjOQaGwk9ZJjjo6nzE4RQZioofEEdBRZyooouB6s06sUWeadRRaNaNRWvRvLdgq48pWjan0Z2j65/8QALhAAAgECBQMDAwQDAQAAAAAAAAERECECIDAxYRJBUSJAcTJQgUJykbEjYqHh/9oACAEBAAY/Avu0Tf7N6lJ/jx/jEevA1yrouWeW1iG7e+iJ8k4Y+C8pl7ng3VEvBiZJK9/axa5Csblzun8iw/0cv7DyWNmXw/weTwbjf9l7Fr+9ZyNE4WLqti4PS+ojEodUvfp5PUpPQ+kUw8P2HC+NOZaWtFXHbOxfFMPxpdC/Ovin4p1PYxc3rCpHekUSWlI53nX6uTaZQpdkYsVbXZbZWE5ITr1v8aXV27D1pcxyy+3B5RY6LUaVZyQtFYPO5hWrbDbyKDdlr8F8SXB6CaXp6iFSEc6UvfcQtK5YZ0vY+i59Wa2SX20p7LaipZTo4X2O5JPfTjShb0xG4lOl+TexwXONJeNKUepjWFG+bcjJGJShvpsRhF1U9Sv3N4PrR9SN0TKyT3eh5IW5vWxJd/8AMmKIvYfpw3G/OWySIX5OnHh/keFdixfMlo9OEc5PU4WbEmdDf/o1wRmfT43ZOg8TLFu59aN6bWp0lt6wr1si9YMWGYkhWgl0vl9du8aewjyOXB5ORN9zcmCMJDNjam6qzH5kjv3ILnGT0qWzqxOcXekaSXikxT+j8CsN0nQxYV3F07qjYoNi/wDRvNLaPJsKabC+BiT1XiQukWWErF3RPRvvmnVfydX8ia8UtleLxpStxPz7J4nuWWf1MtmnKvYecuxd5Ip85Yy4k/ZT2JbFlb4JossrNfUhNFnTzRyX+kwPQhF1pTlVNxYfIqRJYuLKlk3o/a3L02Usub1iarJBCOrznkisZHmuvzmR6STk5OS+TsXIyydIhqsPJ405klmxK2IY97m2JfOSHS1ZeyLI2vSxOaKR3NqbGxNJapc5OSTkkmrosXcw8osQf7DWrOWOwizf8l8kaDPh0lWp1eaRljNELycFqXkn2DXk6XTYl0mvBJNLVfJY+e9b2y7aMLJJFPySR3rPYjxSKdT/AFDXejj9LJOl79jnLhxadqOkokw/NLEj+DD+2T/lPii/aL9xHMEdsWC4vgWh/8QAJxABAAICAgICAgIDAQEAAAAAAQARITFBURBhIHGBkaGxweHw0TD/2gAIAQEAAT8hDzKlSvJUHyphGVK+DGVGMqV4rzUqVKgxY45SpizKVNJWMww+phggZl+40SoZPAY8BjAtD8WPmpUrxXmoEtSzjxI8CMIU7l1AIwlI3hXcviYGZv4HEua99uYEyp9p+4FJDvTujUKsH6j5qCLKXiWkoLRJXyCEcwmtxfgRB4DMWoOJcJlFQlrl+blhFC4ep/1X9zBHamDw+5tW/uaOTWdwMXx3CJfb7m1+v+/iIZYCXl+F+AsJCam/EivO4Hi0EjmUwPhXioCUl+pzJ+pqFfUBMq9OovjtObJZXtzZh+pQxl45TbN7nwxYvg9JT4B4HwqB3MBAeB4H7lSpUqJHyeAW1gYa1FoyuCy6twNZA7i4m27KnMflN/8AgS8CheoRrDC3SEE1UvzH4B40mRKXExZKh8CMfhcKA3UpbP2leLmX5hcoxdTtVMiQ/TMgC7j6WHGLL4nfm34MuPyb8WPqUY0lQ8V4Yx+FeMxorMyLp+FKAeyMyq62S49jKeNVE8PkEqvjXgpLv5MZXipUqMDRUM+rie5B8TcZXhi1lwExHgA6hD/5V4p76vyiVvTF8V5qEydRDvSZsqP0+JhmEuYg8f8AMPqdErxfyr42DyKfiULdhv1FqYQXeFv3/uVFpbLSV9S/St+yCrFcPcwLdSyrRNxH2JYUA6lSvgYJ7mZ2B0HbO0KzAKPg8B/8g2Q5yl6R7FvMT3UEUrVVHEHTcbYPog4ZTSpmFvMKxq5ZYceKvhKiyUwIkQEv1oyFB/3/AGYiVxLg5i8nxsmRM5D1Yv0RbMp0qWM5dVKWguYQk+6uCZK9ksRYYIropfXjBbURbi3KHGIABQfDU3HxmVi8PxlPUf8Av+o4/D/v6lr7zCYgkr58vhmXnsQxMrvqZUksByQO39gjxsU3buWr2zKEuarEsASDKIEXgQQbJUIhazYbb/8Ajn+XAdsHu1m/hmY/7ZNyFdKivgB5KC1RBQ3/AL8SqzLdFytg/IzMMB4NRTNrPpvE/ASpV0vMooL9yjYLyxGweZuMdxh5j5vwX7jGOZ5tKdx5HWP5mW9f4ixf+1FXiHbKykqV5qBCutuPcDcnuKl5R9YsEqIrTAK3OFRw91FLLRFt3EdRbmBEHswQAzWYXL+CxbixRNklgHDHa9MFUIM0X9/6mJVVlglZlfG5fg4PX+LFVL9ydR/6l4sHutQyu+0uLfqXnwYMuyZSswmRab+S+CzKmZ3ijdpXogKOvLNomKNxfhkSlnFwRByb8VMxlcNkKyTzdzlQb6IOUyYTUz4avvAzgXciLCvy6jcZf3K3UHsPpgbgnqN7H4nMFyhUHzxLjAg5VGiWKg+DcysLllYV9xZpfy+CU8jKWKdTqBYApxrwoeDIqFUR6KgoQgnsQCwxapv3LeWR9ppcIeK4ozMHWrmf3OtlzFqiXCCblRhlqIrVdRO0wwzzU1l04D9RCvYwJxGpcuXLAzw1FdQ5/rPSP/iHJ+PBXk3QcXcBqlZf4o3cbWOy8wYjTGW1UJ0lxdQnD1bEgoNLuIq/0zEZXLUHM2GnaXcrlLdvUrX5/C6KwdsFWw5lT1NisVVQfuDBmaflLCZDbEDQYTiNSi6rEyg8fgyjp8li0XWY+InTxChMvudkY+dyYKe/EoRsMpVgqVO8NTBGBz7lK3JhQ3/j3BaIq7YhRo2nqYvor8wLhE4mUy+4CoJ+JWs41F2sXLfgEzSbNQwf3Ga45vXqBP0n+7KV4wgcSyYN+KNwKAZ9kRxvmDZzE0mvg8DD6loqc7gGiaX+ksB/csNK3OMoiMtNZSt5qKdhpGUFXGYNVc/5gV7eDu1PVl4Ix1hBTGdpy6JXbH+SU1lNVX4jsOKqFBKrg+beyIrmQoMAQGyOPUM3z7Ln6W5iGG2yayo+DEqSmkxxBUlvriBOVJhFDNwttf6TInWIIF1qXUekgcyrE7jGVK8kW/QmO4BwvHcbaG+Jmralr+5QxCUzCT8TcP4ilpLucqTKSelqpxGd6gzUqYb48YrjQI1AwOf8xMj42+OGURZEiHmvkcE49xoY26nf7oHcuUyukOdBGcStUNZYqsEQIP6CczqZRFvEFtzmCU44lipU1KouGLWzKB4XKlSvCpXyV5Zeh4C24qkzweIVwNHqC07WoZdwbROP/cSb/RCSsCXzP7oeoipZP6ATZ4FIrmL5sKfuNeKHMNB81HzUVPAsXcwFriYEjQ4PUdzTcr1ma6KP8U4a/uGgK8VZvU+wgqFA3Dmwrm4ZeoCk0zcZcRzMisbIx2iuyDTMj8+MWuI13zM6Vh3gdEtOFqvqC609TORPXhUqVEhbEkwJrSIPXcFjsi5YtGAucSivZOcHh1H0YQmkuMOGcpyRguaCINPm4ZiVXqYbVLKun3DBcPUXPAM3n7ShUBCOBcqUPQ6mXxhtHZNFJEtLGws1vqYDJzKKJsixVDx635GoYXfMzClVHEszGmNzCEcmMY8NGZEt4I0XLURSxgKzKIELP6h0dGamEzNmsHEuXOI5l7cpaGUt7jP10Q/rHfgi4T1NSls5JxLD1MMXDWnA/wATAmc5I8syZv1Lpom2UmnqYBx5JSrhTzBupzw3VGJCMoG0m6buYqNw4swC+YIS8xK58Su2EYHabE2hiPjmcxDBgm7vL25hoEwjcHwOD7mI5YN78XmfrCsFRIi9Mas7n6Wo1Ry5zG2RziX5qVpirtklZ1ZmBZC2jI2dRXGumZWDEsNjKUmXbK6r+uZZbXEVPkzxEzIHbKAVcWjzGC4amqxN5SvMJqBmubighcNKy9xw/cByhzmO0xmjFLZKFrxK19y5d7jOskS7aNzvntlEvfQlUrYdQcwlcYViKLjq0oCZ7pmZdtPEf1EUrSaTM1wxiWVu4qZlnolJwPUxNmm+CWM3blWVpfHMS6581nxz6mQhgvjqBnb4EO5LuafISgLU3KVbFvcJVzkghS1zKE+0bHKnI/uYGYudHqGGM8XNmFnRGNp+wjhgAnSWEYyS9PEsR3x7ieafwhZZzBt3Uba2waGINHtJtlTLiI5gXiuYVFKtcsBuvzcYQOs3zcHPvqJeo0eKFGB/MRzXbMG460la8oxWcEWHXmPuPITATAwM/cqRqvhI4gnq5Qfm+pkZLIuG0v8AiYnRMHFHZYK9S38yx14X6I45gNw6IN81uAq7oxcMmghFZR75hZfpBPH4uG2h6NxrRxG+W5m4sM5lwOoXccpohvPUqi4q4MVQcRb0S1LGliLeCzmcAS3E9O3PwBFhCZlu9/cAOKji56I2StTaphfS9sOb6gQ0fZUbCq/aZhh+f8wOb7I1bv8AqJ7r1zAMgTcS/MqyG3G5YIv+eI4pKAuVYUT1KuxhziUw1KQmu4GsF/iXZYmEtA5mB1eY1hq9FQir8EwLZqBznKDSzP2lPj/aWFgpqFprG4ZYqWysNYnoNj6qFWnRtvO6/wAx8Mh3+5i4cNP/AHqYnDFXrUbhKZf4ia3gxaHiIvEDI5i2RYom2LizFcrUSsZ/hEbiAamydeOZJmkuIhTyH3EdSMVb3URDwQmHT7VA5c5QA9bH9JZR7hxB3Gv+nqVWgCFwVTw38zS9D+H/AMl5wP7oCYM1dK/xOw7qPbmOc4Bb2TCMFMkYqVTP/9oADAMBAAIAAwAAABCSMCSOCt5Q3CpVQIT1dj4RXsT2DtI1S+7gS06t7IU9+Rg+ZIB9PQP/APTwWqy32HP1nSMl5+wOR/gQGIaZ+prprJqOoLvnzEs6VJqQFlWZ1fR+AN+L71GzaviM33UaCneEJ4yzGbNEnl53DPqAAXAjgzyLTqPtN3tFPjeZuBvvaBot1UkthSwXJry3sAxZnbWKASSkDb6kYni37TQGa+030TZow808a8vIxLcSaCWQiQYoUeG2DW1F62FIE/fvbkTJ0127JGN6QaAEgbMGyWuz1rQJCmmaM+VE9SSWSMil2yxTL0gEt+8A622RAkW6ROzcHMMzS24332S0xi/727VhQ3/6APicBkAkjVL9PeGIEEgEXqObSMAPYmEIKdEQ0UjEE4v0oAs3/wCTHBRZ58gv2wVlgILJxSKdkQbFtOv2PnMtItA8jSY1soCJ+rBiGFsIJhjTYlKJOqXjYcffElJJGsrslhz+E0bnySRsiZQMUnSRmwhQ+kkMlWtjbTBfCyMMNnh5FwMclNTKSJ8SUeimwq9LJKetITIzISZ3Rb4E3u9yHbExIA4AeextA0lowUkPh8NADpLC/wB2m6PQKqm3bFraA2ZW2aTYiaws5Wkql7KB85g2dAJUP9VmtJrqEI9uLG2NegUb4TLkz/DeX/8AXdzKabGcaiqYFUvreeJE2bJF7u0OwbZMzcn+OSELy6T8iSBI+vq69MfJ6hHVaya36j//xAAgEQADAAIDAQEBAQEAAAAAAAAAAREQICEwMUFRQGFx/9oACAEDAQE/EMJDxCEIJlFhDITV93JjY3pCcHwXDImMSKejX5lIhNWPea0YlBsuUcHgkmSEQ6FBfhw9PWEylL+nLzFpoeYUfIhwW6GSE/B1iEITC5G4JlEPkaYhci5onjaNGP8AGJsvROD8kriGNHrTl4SzCEz6QpQkG6JMSRN0wkEX5hG2JOWJNUxEJhYTHyRiR4IiCwRMQm78Bh8YohuhOOKD/A3XoghIUuyWH4Qzlh/o0LV7JxlWC/Y/wJD3LV3R4hCEzcKoiZIQWEsPoXhy0sE/0azCEwyYhB6Q8Ey3dkxNPmH7qtJipcawmsITW9L91T5PcPHnI1XvMwmJo8JXCEIJQbG91xowyazpmZRIhKsi4WW8THI2IxIgxjXZehsWrxMTaDGLWlLrNlU70ToSrHlYhCEJ/Alh7tlFbY4D7j6JIjJiaQne83RnorEXI5KN3gWYBs3pNX3N9J/gtUF+hpPMNt+60qxM0b/exvEIJZS5EIuTLU80qK8XD9IxPkuGPCQ9ll6DWWhROKz08PCny/BTfGIQYj/BLkXAyZb3uZRRIkQ0l4NCYSiLkyHLZyCVGRS/CpeiVINDxBe4TmYTqXIkxQuRvg9QSTYk+iT1ntYyQkQmcDb1DbKz6JCjZc/c+Fw+qjKCY3fB8slMQ/Br8GQpw4Pltn+DF+s7THhE0pxil6fpcLmV7s8TRogj/hORrFhUNsXvUy6pzruGMScn2jY23jwohLqfTN7lNLClxsuxDmPMQhBkxMUmVb0SZCaXtQ3hdCkQekSF7/JWUmE6UmGxhXRfrCVIsLzD97n0MMpwMN8nByN8jE2j5lbUo2Jjn8DWILCZRjRWVtS4Sj4F2TNa6VlapUf1iiYu19qwuBKkDgmLRLkf800SIJYSHhMamjwmMTxf4KUolPMPDx9uGuNHhZbKN/CkLZ5b40ZNIQWzfUi6LZ9Lws3VdCFotH0rRdC0ejFlZ//EACARAAMAAgMBAQEBAQAAAAAAAAABERAgITAxQEFRYVD/2gAIAQIBAT8QGUWKUpRog8MRelF6LjyJEw8p6IbG54XS911cDdEsUuPMeFKJjZCE4xMIvQxPdsSjGJEcFKUuYNZQmMhN6UsLRiKJ3FzDwo+lcQaEXpmGTCKLjVjQyl1WiKXa7+BcMp5uRi4hOhFPcvVbMjwazeq6zD6lsxbUpcoui2nzPqWL8j2aysLRfBRaXpfOUvhmlp+ZPoqKPPmk65slm9qzOuC2aFh/AsplKUuiXY+lIhCRbWEIbb8/4BwM3wSqCUQ0VPPm7+9F8TYxkmX+CTekQkl5rCPFKJlp4XtpdGPmRhQ8pbLwqE4JlYu72bE9Ghxy2eFMIgov6Ev7ilFyNk/R+DWy6XwMyx/5E23yIXkpfATt/hwDcKhCFLhMWX5hqkOcJi6WNjp1EPAzTga/g2fCP8Kfo1RcudWiCRJn8Jj3KQn0wadIKHSxFQTL0SE5uOReYpcKJoWGJn5tBLquJl5u8whs/hk/paEyiVKEZOtrV89cxBD3g/gVCgimaPpeKUpehbuvjGK3FKUpb2Nc9lLiCYSLSrCvK7GsQS63brT4SH4T4oTF0jLGqyw2w/Ri8xCE+FiCTGsNCcYlEiYeEN5hCDWF3vLw0JZbzMTSEEPBK89tzLliHrMQSxMeCeX2PEyilHi0m9ORfh4hBvj512WG6JYaosTCLh5vyfgsxH4T8x+/VMTdZ/fsUy90ul/HN1hc6PZ/T//EACYQAQACAgIBAwUBAQEAAAAAAAEAESExQVFhcYGREKGxwfDR4fH/2gAIAQEAAT8QhWvMszGksRZhglj4RqWbjOJcGZZDRNZmxpK+m4IFjSU+l+gn0ES/qEAI6JSsytbaYlsy0tZEjEO0fVhowOLhchaiJiBUZwiPH3lS5QaDMRGpbZzK9Q88WilIkSOokH01EzGH6FRmsSofQcK1yyheE2Li+5ZywjJ9JlUCwMkxDi5bA1ODmFgZla8JeqNQIGxChqqZW1gcKmk3+BRoPczPRQL7TJE2MMfMKZD1i0AjixS38Inwyt75tdR0TbE+h2Mpe1ZhhKAH5rtIxUqJKgTNGlq8cwarvLx9MGm5iQoy2UFVCmWE2xHdOTuEW5YAzKOXMJp9oxFhrK5h2IPW4XsxMyxiB+ngc7JxK2AqqFx6LfvUFIhwrPh5hVp7B+f+StGTg0fOvxOUSLCBHjuYQpXBsYBZq0O3EQQVo/lhCQFqwpcOR2PTKmvo54ZhzNBgNx1oj8ntFcQAQwuc1Qcqt/8AsBMhibOItNkVCoBgcRzgzLjTCQPEA6nECMJmFonEHaLGWKEe34/ypfJfN+H9XBwKzaYZyTISx0dK3r1WVCVlV3bE7bltUPGnyPmUKqY5PbniCrwacHgiRVKIkFZUV9ks4blEnpgfSY8Qb1EMFW8QbsOI7BiIdwDrMULhY0yxhh5BC30axIJcX6GpUdYMxt16695iDtR4eofSPQ16vETfgSfkdxaJRSZBv2+8oxsfSPoyxqv1GCDFWWDothtKuzXxKgdFkerSZYE8TFj4xQfoFMyRtczAVBJRpA2feAKZPzCexFXmPGovRKFlRTeco7uGX6MbXir1nJCLuLIRXN8viX3Eh4XxUAkC1d5xhxLroN/Zh+YWgwgbgLPqx9AKhOPWFW194/1e0EqopWI5lA1HKUdECWZUqCmorCMC2F8pRs1MrqbQFGIljDylQS0XEpqJUyzymuJqAKoPWYGUbQ8cwRBHDD6eIXA1F3jdf+h8wQAZbjqnOdQtn6WGBRDdxS6nEuYXQlQIELeYCOIkV8GJmHiZ+jdQQ5nlE6JnuNYwwIXSu1FNw4irALr3jOVaGta+lwbjCUxCGA+hxZUGIV1oWvRAhgwxPBfXfvKMoE3KlQIECblSvoqG26vi6lfS/g0/TQ/udEq2H0P0AZUCbupjctArJiFbDe7OIygiXD6SpUpjGCsCgbGJaoFxO4nSgv8AH7ekGOhbQHF4h1YFQo5IZ1AgQIEIqVKiVxA0az6sle7bENKrSr9fj+9KvgZ7Xr1m8X37/wBI4QtAeZyJKoWuv9hXDtm9eeM/iItoVxTfuQDpQLWW+9wee2IO3mYlKV1eIJmhR9OHvEiSrxUtVHphipthqi2IezcB5cj97jLBSBfgD8jDJuZSrlEIEIEr61CDe6xmpg6uXINrsglGFEK5okxEyvMAW+x/Wwlsjbyt/qICujcVAAtEbJEUGs/rPEw2A4e1a8WwWgoWMic3+JrALBxCxA3xhfaXa+ZZoNIL1u1+lRL1glloh2T7xJ1NF5gnESK1LrajB6Vb738E87a/LHZQj7t/uFdRYsJUD6KzMfTEqZeKraN/g3M1TOWL8kM8NAQ/FTC2HksnjMpXC8FWywF1S1Z3aZ14jIGmQ/N8S+EWTcU9wG1Y6jV7qXyFLx3KbbvcskY7YpZww0AKA4IDKZVMHYM9wXZgrZPSIu4WzlnIkK9X8QCMWCva8fO+5v8AxGMHH9P1LEHlAt5mPuV6xDPRPYg+YMuW6gRyjs8b4hBKxTb6jSpeWWuNnKjzNSlR+Sjj7zKVhaSqGtqrWWW/zAIstNLKR91L9OLi64dyvq+e4IL3obVDbdwQW7ZccVAcyh3PhrxKlV9AzKLgVHjMqFiigp2aJbS/5DZ8ajEygHPjL9riQH9kP2y4OCoE5uXPEH1FYO9RBzC7gVEJA2rQRc7HF0/8RW2+bWFsKCClvi9S0AlRbix6i+0nOhfUyBvbzADpaQPWG/7uWtIvSJSeADKd15aJXY15N47WBRbHY+COWipYAcjGueIr1cDv+/crEuoiEWaXEvEcbmijQcsyalAuG37QjgP4FPwQC21/f/VRKezOPU/mpehzFjl8VxD6BTqBNSpUrcDmaDOo4o2vwwUlFvJfeZvvpcEK5AAxTtlDgsyc5ihVfUggtMNFZ3HhFsq3ntjot4ZVo5vW2DYpYw8nvCESF66iPMvCpWQM+sqeUCi5TSbYazFJWRhBLy5jyZgF5PMsBWEfQD9RaQy1Hkv9wkVrwFFj4hDEQ7KMNecMBkdc1v7/AEVK8Sp7wU8iXDXtJQKIyGXTGS6tgyYwAIpmmC69I6SxwcnzKelwaGkzL5dfuGzuVrTd8RU+IsQfeYLWjzMaQhohVKmvwa/UQIpUXqWy2dkcuZiKuBbhDxYsLeKa/wAjFaFmVHMZBjX3jWo81S4Lo+PeArSBi3US9vzKlSp69aiyAoREdXqUWglmyKuFIW7DTH4iEKqKh4U38ylQnacB5htouSq7NbIySppb0HXMqK7opfEzAqcGxzs48b9bgwLm8fZiLmxRu0IiWqZ2SuQu7z1n8zJAEUbckLtuWahCKC88HUU2wLMQHJnSWeJS2wQswcauUi8nxLUmjHEVu7HkjZzvcCoq6C4WgQ1SR+LtlkTq/wCkqV9MqC8CzrfDF9GyyhXWYzAVQ0NcSu4HlIC4ZRECOG+ZeGm0IfaWIfLaU6PT3yS3GeaKKNOTNlw2hFCt4oYll+sHERlKzZLqOGXlC2Le+v7uUUE0Dx4hbzCscj0EwSquvswswEE5lBxxLHhlCGJ5CwMg2qMW3iDgvoewX9Q0zsq3juC7NdOeoWKB1l+YiANiNmgGimAuBgXX0UnsMevH3gf0Nnnbn1xEBG8q0gaPdzDZpKNYccJfKU0/0/3/AF7u8RzlSoa1RiCNreEey851FyzVzugBzf4YnKdau2A8Byiwc8whYV2QFekDQaHdTS2Ky9ZyX3xBUBFBvN8QESlygL9vfmCWAltePmNWAl5pXiNGIc11b3UyjpbeKiAO3a/8gSBpj+g2x0/2B67ZPdCpWm7E7shIdF6IDAOkaXxB8tX5iLQccEpUPxj7x/UdlGoh5nmqY96v1/eIKlKRuhcHzOVYbHT9/Ey8KTooB+oTBLEimfF/4j5hbqaafWMM2EkbWoB7D8VC05CbLFZ84/ManTVxpzcXOiEDphogXA5lBG/WEsYVv++GWqk9Ahg2QOxH/wA/Md1llpgc/wB8ShC5FAx/VMqQZO2dQo62FVK86vxK0gY9X6S8BRb717uufHUFCBuVceIWFhk+EqRnk5por7xDZAQV3n8RgTfms1VVYgG3TAfiNnlBa75h9KfI69OP994LhFJ8Nwmz2R0YH88wcFBfDTruNVLF4/3/AL+I2Vp6HPmOQuXXJKrJC6zjPUfEMnRh57fGJtR5ONAHfHtrWXdKYUssqXWr6xAE8Pctk5qJf0DASHhn+8ytu26r7/5KSKrY6lWrd0eGcsBYDPtEqEBq9gYjMZCnPi/eMCOrbtOfSDKgK7Mnt0y95Q1mwQKa/txmQBFbbM/b7y4NUg53CAp+N/8AVQaFvhqOSghP20T+yN2E+iXNqXA9QkCglog+eOS31ziAaV5H9u5eUZpcNo+wug41f+xS2JTjXUHZRLy/p/2BC9l3aj3lgyTOq9yZMQwN/wC3G0p9APY/0lKAAih6SxdgNy4hat8wsOariYMNXGqyVnygF35iaiwttqNgDl9iGeCtHGk/2VA8CzQ3v4IEIuzHrDuBFp4mIA2FxjDj3JQDXmVqvxKTyz8xCHCASvN/e4LmBubXeYNcxcwIxhEwV7v/AJE4K3uNAK0Xw5PDELa2tbPXqZIIdxSLTPE4OOGGQmmjSHb3pl18Q+AEdmpnUtxeIZkIoFw9AbjqsQe2uIYjS6ZV0DLXGKNsb+0tMS9oG++JibNYp1hv/ssABFvgS/EorHmckQRrePbmJSeCpmg2kaKzVDh9bl66tCe0dy0TqU/RwWsau/vHe1dGu4XW/J9YlC4vVAU5JyFRU2ZqXXj0l+4wejCIhKzTkzDQqp73LIyn9qMLd7zLqxUUtR9IpusL8v8Az/JnkWnn+8/MG3mKMhFVD6HiDXCl6i3wsrqKqzXPcoOFxAVo2Ph3Bdm7kZ+YWOAD3zFVRv8AECRuQymMYCIOIh1KxEjCVQfiUvB7ywHqeWIW4hCvQjEPAzmv5+0oMHu3CG+bML9YiyrEQxLgmiHRqIhnejMIuwdqovuho5wwQGg4JiaWCj8ygc6tFigxlSjdx6NlbtjCC9uxqt/3TE0cGZVNG5vFLzGNipWIDINAJd/5KPMRWgIxgZuVcO8zZWZX0YynJE3i76hVBTG+IDtalllc1ghpZ6sIVUs5Crg4CMchfLgj6NdRnbrtQyiHQVAapzAYUrA77/vEFLLRVmJmWm1/3zEon/kpY+h5gXBUFYLhZUzPKZf8g2Y6K5G5dwt+spnE63MSRVZgXWP8lKg2dRbmhcRbhR/5EtXKZlVuN3EZUCBHSK2Smuy0Y3gloGisjZMqSM313E1fUvWIBbQrcljUv/YjrVsW6lw3PP6GBVsw8hcyz0ywQFVLyQwpN/I/eIdUUU195c7cAle8RWZNVEwWdhcReyRgVRmoViW2SwqULzXUHz5ou/j9y2B0z8Wf3ED23FozKWo24+IDLh79owJobcSltuZHXXUsQrmAOo1JFnHrFF4beZbORdWtRgKzJzMFEvb0XJMwcaBd7YlYV5Y+IljAcBUZAUQ36E32Cs36qllCl49WKG4pGNTyeEM6MPt7xMIBozuvzAVlMFWUATCwjuEQunOT+7gUnEZdteZYChMYhI4g2VN6tqaY6sGblRAHBP7+xLWgtyXw/wDrELtvo4tZsLpyQ60MqzGG1bsr8RUKq3J1GFs0HcKl2t34md6xd4v+GNcyqg53CyNWp94gvRHPv+ZvIHnl8SrDcyg5lQ6IDuHbfL8Q2rm9RjYAI7lmKllxmM5TFKeQPhmKF8X5mANncqlRcPyfZmZ4ME4IgiWDShqKkyxLXvc2GhzU0SIFdQGbRS0zeeo2jIWnONxEF6ckTkplqKFOFmN/wrLBCMofL8w9hkob1HoXdaHFxZTvmFlUxzE5+o9JdF+ZSMKjAd6M22/UzCLjZdlxbBQXZMhWZiwrDcQVkDXmMxR6xN8ddxAkRQO8R5eiqf1FV6PDfEs7bxb23C/NsDmcY/QMQOXmJcq7u31GCjBVW8Rxq6jaeHj4md6bd4qmNVRdy60zlj2IQmw2XiK2OlVUGVN9nvuC8O6X9y3tq63KeC1dXkg1WaHDUQQG9m7/ALcQGUA092/7Ka4f7CrtMHXMogG2qgeCGKN+ZTa2bFI8ZlYM2fqGoCOm4fOjQHcAgC+LjsTZ5uDnocDnMbM7AzVSjloLIWZoha4JYksbvmCbglBs6PXxBWe5Cw9MxyedZ+kF9CS+YTrus8EbuWKMRd1pihRB0dStlJHH/lwshGBe7VNsrAvYYie8Gb56hrwaXfP9iM1QtPFzdGXbG7UiuYmAwZrZ/Yl4FBlyyrI8Bwb306liRdJrUYHg0teYBTgNZ9ZThsa0wMUDXcAWm/TEbRRuFKUYY6TpfvxAOc5V1MSw0ibigNrRmVl1yvb6EwgAiFl1qLWG1ZaPVdZiDDMANdW9zOLDSsPW/wBy/X1gUfOJdDheCuOgMuOZQM3Y3UsLLnX/AGY9lXac46igzZD0jilmWVW12xzphFtgE5XfPtDDC9QvmEAomGfMH7iEM84ZgjohLXjVv4m2xq++ZVi9TftxMFfvLM+mfPMNwVTxmBMsyGviAAUulX/YijZMg2niWGqVxY6gwWLOoi2K9dQZt8wQFBrfc4AVKDKvBXeWYC2SsUIAJt0Vn+xEx9xVwMUMstf+xXlMqYD+/cAWBAvsHp/yUTbLZg9X1v7RGdG40HmKgmuYuvMWi7tFWP79wGKQw54lLeK19iUoSJHpm1jeF+E9z0lWdynmKnHJ2Hr16yl6loplH+7/AK4lLW3VZ+LmZFIK6xz5IXYOuO+4VrQC6CCIOvNQ7VYGMtO34uYVL9O4UN2sEgpcMhy7x3F7GF+sARQtOqpZaGUVV3n++YRloDIb/wDb+8zOVk9w8wKkDhDdPtxzczenbiKFW21gv3xAjTZ15jImHXKgMkC511+4AJxSGr268SslVrHftLnesQaUCZMtxAVYclytRBS8iJmK8sVqN7LnOKI1KL4eYQoG92OzqAHuXcfNp8xTLZ9jP6l+NmryK/cNMbjZUcAm22w6hgoEdtS8oaGuz+JnDvOZd1Q1WB6+J0istTGWY2xFoyOSrhgVxzUdCKc3uXSFE0nHvLQKcbr+5hUs4vX91GWjgvBwa/vWOwQaHV2/qERQbHV7T5x0DqXtqFgHWB+80CoWrCf3cyJdPYldreYLMUtV8yy27uxIVSnKohYlJ8Q26nICv1DIC1ycEyCPNxKsCjxMGqqOpg2tVa4lMbnOZqTBlTMek6VZhdRebW5rmKILHAPIymjMwl4/ggViwFmnMAKKa7lZRU8+kvmdB6wUO1r+9YItrWD1hhA+hz1GwCgaKQZcacW/9jrqXkz5B7qMeUhwbx/yJclG1rXOZQRQYLuq/fEQ1uqsXzirlhqWIJvLfp1AKYpTmzhPtfvBBqyWClKBtyWPXvwcFESgVT1vyVrl6megOW8OP7xHgDNRSPKI9wXsZQIhXaXQgG1lacDZ5mIs54l6wl4QGwcRAuUuxzBd4R/veCDTFSrRRR5e43cGq8QM3rd2nEXiHARvois8uqV/iaNsWV+vmWrwEDVnEQILRVrt8wTgDRgu1WOuKeqlWVWhPRl3iC+XECtVKrgyzLVDYXXOJVFIaXWK1cpEi360/Xz6QSkBa67+M1C1oaM0bLz/ANlmLMcot1Xn1gFCBMW53B3SxUsFEceRIgHe4oLCt93y7jqRVUKCI5PsJmAWxxkwmL8ftFWa7OjSn0TP2mAQLX73a/z8xuBKSYBNUXvH6jvzbCLZncQnLNURFZrYd+IBCjDyF3lvv+Y5nEvBEGnExMH8yiyBaTQazlLsuQUmBC936xthulC7nYUvGIkVFW7zeYRjvVkaBujPWZUZzwu+YIXCWcyhQZsa1FVpf2K/cG7v+1FEpVluJalXVEO53aXzqE4Zg4FNP7mKYWBBej+IOE0NVwdek2jZb52mZQChkbhkNVNcYN/MNsyWl2lm/ZK5sRS7saZv1+xM6LBR5pofghIikSqK4feBK7nPzQp/f5MFAgM9w1+zBX9uOBMJZCPQaH8f7AUMXmPajP8AsyoLLn//2Q==',1,'2017-07-03 12:35:35','2017-07-03 16:05:30');
/*!40000 ALTER TABLE `produtos` ENABLE KEYS */;
UNLOCK TABLES;

--
-- Table structure for table `produtostatus`
--

DROP TABLE IF EXISTS `produtostatus`;
/*!40101 SET @saved_cs_client     = @@character_set_client */;
/*!40101 SET character_set_client = utf8 */;
CREATE TABLE `produtostatus` (
  `id` bigint(20) unsigned NOT NULL AUTO_INCREMENT,
  `status` varchar(50) DEFAULT NULL,
  UNIQUE KEY `id` (`id`)
) ENGINE=InnoDB AUTO_INCREMENT=3 DEFAULT CHARSET=latin1;
/*!40101 SET character_set_client = @saved_cs_client */;

--
-- Dumping data for table `produtostatus`
--

LOCK TABLES `produtostatus` WRITE;
/*!40000 ALTER TABLE `produtostatus` DISABLE KEYS */;
INSERT INTO `produtostatus` VALUES (1,'ATIVO'),(2,'INATIVO');
/*!40000 ALTER TABLE `produtostatus` ENABLE KEYS */;
UNLOCK TABLES;

--
-- Table structure for table `users`
--

DROP TABLE IF EXISTS `users`;
/*!40101 SET @saved_cs_client     = @@character_set_client */;
/*!40101 SET character_set_client = utf8 */;
CREATE TABLE `users` (
  `id` bigint(20) unsigned NOT NULL AUTO_INCREMENT,
  `username` varchar(100) NOT NULL,
  `email` varchar(100) NOT NULL,
  `password` varchar(255) NOT NULL,
  `active` int(4) DEFAULT '1',
  `documento` varchar(30) NOT NULL,
  `endereco` varchar(150) NOT NULL,
  `cidade` varchar(100) NOT NULL,
  `estado` varchar(2) DEFAULT NULL,
  `cep` varchar(11) DEFAULT NULL,
  `telefone` varchar(17) DEFAULT NULL,
  `plano` int(4) DEFAULT '1',
  UNIQUE KEY `id` (`id`),
  UNIQUE KEY `email` (`email`),
  UNIQUE KEY `documento` (`documento`)
) ENGINE=InnoDB AUTO_INCREMENT=2 DEFAULT CHARSET=latin1;
/*!40101 SET character_set_client = @saved_cs_client */;

--
-- Dumping data for table `users`
--

LOCK TABLES `users` WRITE;
/*!40000 ALTER TABLE `users` DISABLE KEYS */;
INSERT INTO `users` VALUES (1,'Aguinaldo Alves','aguinaldoa80@gmail.com','a04539849c75eeace1491a39af440196',1,'06104510655','rua 16 de abril, 921 - centro','joão pinheiro',NULL,'38770000','038998982005',1);
/*!40000 ALTER TABLE `users` ENABLE KEYS */;
UNLOCK TABLES;
/*!40103 SET TIME_ZONE=@OLD_TIME_ZONE */;

/*!40101 SET SQL_MODE=@OLD_SQL_MODE */;
/*!40014 SET FOREIGN_KEY_CHECKS=@OLD_FOREIGN_KEY_CHECKS */;
/*!40014 SET UNIQUE_CHECKS=@OLD_UNIQUE_CHECKS */;
/*!40101 SET CHARACTER_SET_CLIENT=@OLD_CHARACTER_SET_CLIENT */;
/*!40101 SET CHARACTER_SET_RESULTS=@OLD_CHARACTER_SET_RESULTS */;
/*!40101 SET COLLATION_CONNECTION=@OLD_COLLATION_CONNECTION */;
/*!40111 SET SQL_NOTES=@OLD_SQL_NOTES */;

-- Dump completed on 2017-07-05 19:26:15
